state,District,MPCE_URP,MPCE_MRP,state_1
6,19,34068.5,9104.56,HR
6,19,4339.33,3632.74,HR
6,19,3446.83,2790.21,HR
6,19,5882.0,5224.4,HR
6,19,3394.2,2762.72,HR
6,19,4307.25,3712.35,HR
6,19,3103.83,2120.71,HR
6,19,2743.4,2903.54,HR
6,19,7386.6,7665.92,HR
6,19,5129.6,6188.33,HR
6,19,3192.5,2931.68,HR
6,19,1999.5,2022.58,HR
6,19,3501.0,3332.1,HR
6,19,3373.0,3103.68,HR
6,19,981.57,988.26,HR
6,19,809.86,830.97,HR
6,19,3336.6,2985.81,HR
6,19,3178.5,3077.75,HR
6,19,2081.0,1895.79,HR
6,19,2092.67,1850.29,HR
6,19,2115.0,1925.41,HR
6,19,2305.67,2262.15,HR
6,19,594.38,632.34,HR
6,19,827.71,721.59,HR
6,20,4366.0,5309.15,HR
6,20,3829.0,4380.1,HR
6,20,1070.4,3013.14,HR
6,20,1091.44,1246.41,HR
6,20,1023.17,1183.45,HR
6,20,1166.25,1387.04,HR
6,20,893.63,954.72,HR
6,20,797.33,928.38,HR
6,19,5966.8,5407.24,HR
6,19,5979.67,5477.93,HR
6,19,5067.8,4492.28,HR
6,19,11513.5,7438.64,HR
6,19,2104.5,1996.61,HR
6,19,1916.6,1811.89,HR
6,19,2439.0,2221.23,HR
6,19,5215.0,5259.66,HR
6,19,5960.17,6238.25,HR
6,19,5352.67,7396.14,HR
6,19,7597.25,8908.83,HR
6,19,8757.33,9585.05,HR
6,19,5852.0,5692.6,HR
6,19,5547.17,6598.49,HR
6,19,9187.25,10936.8,HR
6,19,8563.0,8623.55,HR
6,19,3790.0,3799.25,HR
6,19,4088.0,4788.89,HR
6,19,2101.75,1966.92,HR
6,19,1146.2,1218.01,HR
6,19,2039.71,2108.25,HR
6,19,1559.0,1612.93,HR
6,19,934.4,994.24,HR
6,19,875.2,870.54,HR
6,18,13971.67,15196.87,HR
6,18,6819.0,8471.05,HR
6,18,3449.0,3599.0,HR
6,18,2735.0,2904.86,HR
6,18,3557.0,3605.63,HR
6,18,3855.0,3624.86,HR
6,18,1145.33,1297.39,HR
6,18,924.57,841.57,HR
6,17,3514.5,4729.88,HR
6,17,5179.5,7060.05,HR
6,17,6723.0,13387.79,HR
6,17,5758.0,6577.86,HR
6,17,3290.67,4424.18,HR
6,17,3042.8,3574.72,HR
6,17,2297.5,3585.25,HR
6,17,2448.25,3822.23,HR
6,13,3066.4,3174.26,HR
6,13,2499.0,2370.34,HR
6,13,1634.0,1826.81,HR
6,13,1495.25,1935.01,HR
6,13,945.67,1123.06,HR
6,13,979.5,1348.95,HR
6,13,869.5,983.24,HR
6,13,667.4,778.91,HR
6,14,3533.8,3623.92,HR
6,14,3569.0,3683.16,HR
6,14,2645.8,2459.36,HR
6,14,6322.0,6905.56,HR
6,14,2418.0,2591.63,HR
6,14,3237.4,3462.82,HR
6,14,2380.6,2593.89,HR
6,14,2737.5,2624.06,HR
6,16,2838.0,3059.92,HR
6,16,2235.0,1857.6,HR
6,16,2356.75,2674.18,HR
6,16,1632.2,1878.78,HR
6,16,3294.0,3633.45,HR
6,16,1971.0,2296.94,HR
6,16,2093.0,2330.7,HR
6,16,1076.75,1481.13,HR
6,13,1351.63,1769.71,HR
6,13,1497.33,1637.47,HR
6,13,1618.8,1893.73,HR
6,13,1316.6,1497.28,HR
6,13,1357.5,1201.34,HR
6,13,908.5,922.11,HR
6,13,2010.6,1741.83,HR
6,13,1115.75,1189.31,HR
6,15,3836.5,3761.57,HR
6,15,2463.71,2428.96,HR
6,15,4225.5,4248.79,HR
6,15,1873.0,1876.37,HR
6,15,2054.25,2138.5,HR
6,15,2959.67,2836.15,HR
6,15,6852.5,2781.61,HR
6,15,1031.5,1007.21,HR
6,14,3124.67,3476.04,HR
6,14,4290.6,4559.28,HR
6,14,2082.56,2829.95,HR
6,14,1984.0,2430.92,HR
6,14,2986.0,3246.27,HR
6,14,2930.0,3081.99,HR
6,14,879.0,967.36,HR
6,14,837.0,883.44,HR
6,12,3304.4,3517.91,HR
6,12,3841.0,4894.06,HR
6,12,8723.67,6429.69,HR
6,12,9510.5,6437.9,HR
6,12,3630.25,2167.38,HR
6,12,5686.2,3723.43,HR
6,12,3269.33,2623.26,HR
6,12,5114.83,3017.5,HR
6,18,15543.0,15030.09,HR
6,18,11331.5,10918.83,HR
6,18,18274.5,18104.5,HR
6,18,16054.33,15843.74,HR
6,18,12990.67,12514.18,HR
6,18,12136.0,12081.99,HR
6,18,11671.5,11395.16,HR
6,18,6826.38,6532.63,HR
6,12,3098.0,3700.29,HR
6,12,2878.4,3102.03,HR
6,12,1371.6,1388.18,HR
6,12,1023.6,1046.19,HR
6,12,1030.0,1139.14,HR
6,12,970.17,1043.83,HR
6,12,900.43,980.88,HR
6,12,936.6,1031.98,HR
6,11,3015.25,6518.37,HR
6,11,3013.75,4245.39,HR
6,11,2487.86,3523.24,HR
6,11,6497.0,7206.11,HR
6,11,3318.5,4351.45,HR
6,11,1871.83,2703.13,HR
6,11,3406.25,4200.33,HR
6,11,2788.0,3840.98,HR
6,8,2386.14,2579.8,HR
6,8,2639.25,3340.17,HR
6,8,2997.33,3418.93,HR
6,8,2197.44,2292.51,HR
6,8,1573.25,1901.16,HR
6,8,4563.0,3331.74,HR
6,8,1200.71,1318.6,HR
6,8,2202.2,2514.78,HR
6,8,5461.4,6183.96,HR
6,8,5246.0,6149.7,HR
6,8,3811.0,4579.49,HR
6,8,3798.33,4710.66,HR
6,8,3160.57,3487.51,HR
6,8,1583.0,2027.66,HR
6,8,2123.71,2482.07,HR
6,8,2213.8,3018.98,HR
6,10,3700.0,3592.43,HR
6,10,2424.8,2504.09,HR
6,10,1963.25,1776.13,HR
6,10,3315.0,2747.4,HR
6,10,1760.75,1704.0,HR
6,10,1797.0,1923.99,HR
6,10,1326.5,1496.64,HR
6,10,1259.0,1235.85,HR
6,7,5882.75,6602.41,HR
6,7,8680.0,9895.89,HR
6,7,15035.0,16257.32,HR
6,7,2554.33,2740.98,HR
6,7,1235.75,1516.66,HR
6,7,17854.0,19143.74,HR
6,7,727.4,816.87,HR
6,7,772.83,2006.35,HR
6,9,2281.75,2947.33,HR
6,9,2822.0,3389.05,HR
6,9,2186.5,2548.28,HR
6,9,2269.0,2567.77,HR
6,9,1882.33,1861.23,HR
6,9,2154.0,2684.14,HR
6,9,1762.9,2134.3,HR
6,9,1731.83,2096.22,HR
6,9,2250.0,2869.47,HR
6,9,2472.38,2579.33,HR
6,9,1870.8,2307.54,HR
6,9,2042.2,2336.91,HR
6,9,2671.33,3085.9,HR
6,9,2319.5,3077.45,HR
6,9,1503.33,1840.66,HR
6,9,2862.25,3434.3,HR
6,7,4637.0,5422.48,HR
6,7,3387.0,3377.27,HR
6,7,1857.2,1710.42,HR
6,7,1756.8,1695.81,HR
6,7,1743.5,1823.47,HR
6,7,1328.8,1344.66,HR
6,7,1319.67,1330.1,HR
6,7,1664.6,1847.49,HR
6,11,4554.75,5399.29,HR
6,11,4008.0,3868.5,HR
6,11,2253.0,2322.86,HR
6,11,1604.4,1705.66,HR
6,11,1653.0,1780.4,HR
6,11,3084.86,2640.98,HR
6,11,1002.0,1108.04,HR
6,11,1573.0,1694.46,HR
6,6,2299.0,2862.42,HR
6,6,4581.5,3564.62,HR
6,6,1107.6,1275.63,HR
6,6,1650.14,1941.71,HR
6,6,1515.0,1717.33,HR
6,6,1675.67,1923.2,HR
6,6,870.13,992.98,HR
6,6,1106.75,1246.07,HR
6,5,3007.33,2556.65,HR
6,5,2625.0,2831.62,HR
6,5,1469.0,1592.15,HR
6,5,2638.5,2892.27,HR
6,5,6576.0,7073.26,HR
6,5,4052.33,4102.24,HR
6,5,2567.33,2717.2,HR
6,5,1739.0,1883.14,HR
6,2,4438.25,4991.06,HR
6,2,4018.25,4031.57,HR
6,2,2939.4,3214.77,HR
6,2,4712.0,4601.95,HR
6,2,2618.0,2980.28,HR
6,2,3023.67,3225.86,HR
6,2,2629.0,2697.08,HR
6,2,2088.25,2323.47,HR
6,2,6547.67,6525.38,HR
6,2,5250.0,5327.12,HR
6,2,1735.8,1684.87,HR
6,2,1759.5,1894.74,HR
6,2,3033.75,4048.3,HR
6,2,1777.4,3112.0,HR
6,2,810.5,824.54,HR
6,2,992.5,1068.78,HR
6,4,4954.0,5857.29,HR
6,4,1537.0,1620.32,HR
6,4,3219.5,3244.57,HR
6,4,892.33,990.28,HR
6,4,4455.0,7846.51,HR
6,4,1843.33,1903.65,HR
6,4,2761.2,3101.69,HR
6,4,975.14,995.63,HR
6,1,3299.8,3434.9,HR
6,1,2456.0,2514.36,HR
6,1,2969.0,2989.55,HR
6,1,9335.0,10682.95,HR
6,1,2163.6,2198.72,HR
6,1,1886.25,1859.61,HR
6,1,1323.4,1390.47,HR
6,1,3180.0,3302.47,HR
6,3,4161.75,4139.97,HR
6,3,4364.4,3789.61,HR
6,3,2968.0,3913.75,HR
6,3,2168.0,2356.08,HR
6,3,1680.67,3247.2,HR
6,3,3143.0,3084.12,HR
6,3,844.8,925.87,HR
6,3,937.75,971.96,HR
6,3,4235.0,4268.86,HR
6,3,3851.5,3754.19,HR
6,3,1956.33,1767.86,HR
6,3,3157.0,3270.42,HR
6,3,2053.6,2336.72,HR
6,3,1947.67,2194.52,HR
6,3,924.8,935.65,HR
6,3,640.0,638.16,HR
6,19,1213.2,1162.35,HR
6,19,1243.33,1224.75,HR
6,19,2944.67,2609.78,HR
6,19,989.25,1046.78,HR
6,19,2160.0,2191.78,HR
6,19,1469.25,1433.67,HR
6,19,1157.75,1135.81,HR
6,19,993.57,1009.63,HR
6,6,3771.33,4113.3,HR
6,6,2442.33,2639.64,HR
6,6,2799.0,3362.42,HR
6,6,1632.5,1771.82,HR
6,6,2085.0,2250.04,HR
6,6,3759.33,4769.93,HR
6,6,5152.5,4135.62,HR
6,6,2528.5,2805.76,HR
6,19,1377.6,1455.41,HR
6,19,2820.5,2984.4,HR
6,19,2882.5,2925.99,HR
6,19,1950.67,2068.75,HR
6,19,1413.2,1514.16,HR
6,19,4000.0,4286.03,HR
6,19,999.0,1077.86,HR
6,19,1135.29,1183.56,HR
6,14,3496.0,3429.42,HR
6,14,4455.5,4138.27,HR
6,14,2924.0,3125.37,HR
6,14,2729.8,3909.22,HR
6,14,7342.33,4249.64,HR
6,14,2494.8,1927.54,HR
6,14,1556.25,1481.12,HR
6,14,872.43,922.21,HR
6,12,2569.8,2232.4,HR
6,12,1917.0,2007.11,HR
6,12,1306.2,1290.87,HR
6,12,1132.33,1082.15,HR
6,12,1320.63,1447.08,HR
6,12,1710.5,2618.45,HR
6,12,1166.86,1305.98,HR
6,12,1307.5,1309.85,HR
6,12,2927.25,3467.87,HR
6,12,2736.67,3078.58,HR
6,12,986.0,1128.5,HR
6,12,1223.75,1416.04,HR
6,12,1630.67,1777.52,HR
6,12,1336.5,1425.68,HR
6,12,870.0,1098.58,HR
6,12,942.4,1072.65,HR
6,14,4170.67,3562.7,HR
6,14,4409.75,4036.57,HR
6,14,3045.4,2562.74,HR
6,14,2277.0,2036.01,HR
6,14,2205.6,1887.86,HR
6,14,3298.6,2728.16,HR
6,14,1594.67,1457.04,HR
6,14,1985.29,1900.94,HR
6,11,3127.0,3945.08,HR
6,11,2133.0,2293.0,HR
6,11,794.5,1001.21,HR
6,11,2237.0,2258.2,HR
6,11,1711.0,1879.49,HR
6,11,2596.0,3097.37,HR
6,11,1823.0,1980.81,HR
6,11,1606.0,1779.42,HR
6,13,3694.4,3027.55,HR
6,13,1516.0,2450.93,HR
6,13,2888.0,1956.08,HR
6,13,1293.25,1581.54,HR
6,13,3159.8,2598.24,HR
6,13,1054.0,1121.12,HR
6,13,836.89,1118.81,HR
6,13,888.2,963.24,HR
6,13,2481.0,2704.81,HR
6,13,2095.5,2530.98,HR
6,13,2251.0,2546.48,HR
6,13,2728.75,2329.18,HR
6,13,1836.33,1677.43,HR
6,13,2501.0,2412.51,HR
6,13,839.0,1022.29,HR
6,13,830.83,1003.64,HR
6,11,3887.0,4033.4,HR
6,11,2383.6,2360.77,HR
6,11,1693.4,1841.67,HR
6,11,2137.0,2088.33,HR
6,11,1733.33,1703.84,HR
6,11,3713.2,3826.65,HR
6,11,1633.6,1368.26,HR
6,11,1129.0,1318.84,HR
6,15,3275.0,3476.78,HR
6,15,4362.25,4539.2,HR
6,15,3281.0,3504.77,HR
6,15,3955.67,4505.44,HR
6,15,2143.25,2541.33,HR
6,15,2014.43,2311.34,HR
6,15,1850.0,1966.47,HR
6,15,1225.67,1386.26,HR
6,10,2143.0,2116.53,HR
6,10,2059.67,2202.91,HR
6,10,2522.5,2312.19,HR
6,10,3302.0,2079.1,HR
6,10,2177.2,2094.65,HR
6,10,3180.33,2694.58,HR
6,10,1415.6,1481.3,HR
6,10,2197.6,2080.01,HR
6,7,5769.5,6490.87,HR
6,7,4685.75,5682.1,HR
6,7,1836.6,2075.23,HR
6,7,2125.5,2204.71,HR
6,7,2617.0,2776.04,HR
6,7,2745.25,2826.36,HR
6,7,1222.77,2310.09,HR
6,7,1321.0,1438.82,HR
6,4,3687.67,4827.85,HR
6,4,3646.33,3821.68,HR
6,4,1480.8,1665.55,HR
6,4,1206.71,1459.42,HR
6,4,4094.2,4393.67,HR
6,4,1618.33,1544.82,HR
6,4,1760.75,1621.98,HR
6,4,1406.8,1540.09,HR
6,5,3676.33,3090.63,HR
6,5,4103.0,4492.45,HR
6,5,1223.29,1346.06,HR
6,5,2767.86,2020.07,HR
6,5,2065.0,2293.16,HR
6,5,1529.43,1659.02,HR
6,5,1889.0,2106.44,HR
6,5,1075.83,1285.24,HR
6,7,4632.0,3895.42,HR
6,7,6727.0,9172.21,HR
6,7,1650.2,1741.1,HR
6,7,3924.0,3877.84,HR
6,7,1760.67,2128.02,HR
6,7,2094.5,1688.85,HR
6,7,1006.83,1185.85,HR
6,7,2260.6,2028.55,HR
6,3,3813.29,4302.01,HR
6,3,4086.5,3262.9,HR
6,3,3485.67,3737.28,HR
6,3,3564.25,4031.99,HR
6,3,2269.33,2621.3,HR
6,3,2326.64,2644.24,HR
6,3,2017.33,2213.09,HR
6,3,1200.13,1264.83,HR
6,6,2817.8,2732.44,HR
6,6,2845.33,2585.77,HR
6,6,1256.2,1332.75,HR
6,6,1363.8,1308.98,HR
6,6,1013.4,998.85,HR
6,6,1055.86,1033.18,HR
6,6,1428.0,1500.85,HR
6,6,1106.5,1051.04,HR
6,6,1329.25,1534.73,HR
6,6,3380.33,3991.84,HR
6,6,543.83,720.55,HR
6,6,720.83,859.19,HR
6,6,979.0,1294.07,HR
6,6,769.0,869.27,HR
6,6,1178.83,1249.38,HR
6,6,1054.86,656.68,HR
6,3,4481.0,4497.58,HR
6,3,4447.0,4341.25,HR
6,3,3464.5,3439.16,HR
6,3,1606.44,1834.69,HR
6,3,1823.6,1913.16,HR
6,3,1647.14,1785.21,HR
6,3,911.8,962.99,HR
6,3,816.8,983.05,HR
6,8,6252.67,3230.75,HR
6,8,4598.5,4319.39,HR
6,8,1101.2,1102.83,HR
6,8,1070.5,739.79,HR
6,8,2518.17,2109.83,HR
6,8,1740.67,1745.0,HR
6,8,698.14,843.35,HR
6,8,608.17,457.48,HR
6,2,6866.0,7942.3,HR
6,2,7008.0,8387.18,HR
6,2,2428.0,2639.64,HR
6,2,1336.33,1378.03,HR
6,2,926.0,1082.37,HR
6,2,1722.5,1867.02,HR
6,2,960.2,1091.44,HR
6,2,1071.33,1229.67,HR
6,13,2679.5,3794.24,HR
6,13,3940.0,4961.59,HR
6,13,1911.0,2686.79,HR
6,13,2608.25,3021.85,HR
6,13,2430.0,2836.74,HR
6,13,938.43,1335.49,HR
6,13,900.4,992.11,HR
6,13,734.0,883.67,HR
6,10,2626.0,2488.68,HR
6,10,1833.17,2136.07,HR
6,10,860.57,758.24,HR
6,10,1597.25,1596.19,HR
6,10,1338.33,1473.68,HR
6,10,1213.4,1196.41,HR
6,10,955.5,990.09,HR
6,10,1048.25,1228.46,HR
6,11,12635.5,5567.35,HR
6,11,2896.5,3352.97,HR
6,11,1487.25,1604.65,HR
6,11,2896.0,3020.73,HR
6,11,2035.86,2534.12,HR
6,11,1674.43,2008.06,HR
6,11,2283.6,2460.61,HR
6,11,3822.2,3839.05,HR
6,12,5493.0,5329.89,HR
6,12,9294.0,8455.64,HR
6,12,5286.25,5577.62,HR
6,12,7497.2,6047.45,HR
6,12,4646.0,5852.8,HR
6,12,5422.5,4955.38,HR
6,12,4632.2,4074.06,HR
6,12,4011.6,4463.02,HR
6,9,1535.6,1817.55,HR
6,9,1240.5,1754.54,HR
6,9,2238.5,2645.49,HR
6,9,3285.0,3504.21,HR
6,9,1408.83,1715.59,HR
6,9,2274.25,2729.39,HR
6,9,1609.75,1936.94,HR
6,9,2506.5,2877.8,HR
6,12,2541.33,3029.14,HR
6,12,8730.5,5971.53,HR
6,12,5014.0,4527.56,HR
6,12,2800.5,2988.82,HR
6,12,12539.0,17495.03,HR
6,12,4692.33,2725.16,HR
6,12,2224.6,2044.11,HR
6,12,1912.8,1914.69,HR
6,11,2534.0,2607.78,HR
6,11,1240.83,1245.24,HR
6,11,1488.8,2287.48,HR
6,11,887.33,974.23,HR
6,11,3716.0,6662.37,HR
6,11,1648.88,1763.46,HR
6,11,1289.5,1437.24,HR
6,11,2152.75,1877.41,HR
6,9,4534.0,5075.37,HR
6,9,1091.75,1217.11,HR
6,9,1240.5,1357.43,HR
6,9,1232.0,1426.99,HR
6,9,2782.33,2909.73,HR
6,9,2541.5,2784.34,HR
6,9,1950.0,2449.26,HR
6,9,924.75,1108.29,HR
6,13,3191.75,3485.35,HR
6,13,2532.4,3107.8,HR
6,13,1432.2,1552.69,HR
6,13,1907.2,2128.08,HR
6,13,1114.4,1276.07,HR
6,13,2868.33,2847.51,HR
6,13,1147.2,1167.39,HR
6,13,1030.0,1140.73,HR
6,8,1810.33,2490.11,HR
6,8,2880.8,3675.57,HR
6,8,3148.75,3827.89,HR
6,8,2593.5,3703.84,HR
6,8,2178.4,2897.52,HR
6,8,3006.75,3843.74,HR
6,8,10474.29,4694.62,HR
6,8,2183.86,2559.59,HR
6,9,1989.8,2257.42,HR
6,9,2552.75,3150.11,HR
6,9,1839.4,2152.22,HR
6,9,2651.2,3125.36,HR
6,9,2646.5,2977.15,HR
6,9,3575.83,6747.18,HR
6,9,2011.0,2181.46,HR
6,9,1946.2,2347.27,HR
6,6,3882.0,4425.42,HR
6,6,3382.75,3557.41,HR
6,6,4663.5,5338.57,HR
6,6,3633.75,5160.63,HR
6,6,3124.8,3057.17,HR
6,6,3127.4,3728.77,HR
6,6,5351.0,5887.51,HR
6,6,3257.17,3941.71,HR
6,7,4609.5,5109.02,HR
6,7,8879.4,7602.52,HR
6,7,1293.33,1462.58,HR
6,7,2985.8,3186.62,HR
6,7,3123.67,2505.88,HR
6,7,2688.0,2731.67,HR
6,7,1428.14,1081.7,HR
6,7,1547.83,1364.53,HR
6,8,2565.4,3511.15,HR
6,8,9473.0,10568.21,HR
6,8,2902.0,3416.2,HR
6,8,2683.5,3278.02,HR
6,8,9878.2,5121.32,HR
6,8,2334.25,3127.61,HR
6,8,3537.0,4913.78,HR
6,8,2201.57,2975.62,HR
6,6,6412.0,7167.62,HR
6,6,5044.5,5856.49,HR
6,6,2125.5,2204.71,HR
6,6,5839.5,6510.87,HR
6,6,2745.25,2826.36,HR
6,6,1373.83,1572.69,HR
6,6,1987.13,2056.66,HR
6,6,993.5,1044.76,HR
6,8,2119.25,2640.28,HR
6,8,1902.2,2236.17,HR
6,8,1407.42,1686.39,HR
6,8,1368.56,1696.14,HR
6,8,1535.25,1885.59,HR
6,8,1418.11,1655.17,HR
6,8,1602.8,2031.51,HR
6,8,1544.67,1891.24,HR
6,7,8152.33,8062.2,HR
6,7,6751.5,6708.01,HR
6,7,5552.0,4911.37,HR
6,7,4238.6,4728.57,HR
6,7,3423.56,3549.18,HR
6,7,2973.8,2775.14,HR
6,7,6117.75,6426.69,HR
6,7,4887.56,4840.83,HR
6,5,3827.33,4399.39,HR
6,5,4479.0,4309.58,HR
6,5,3461.2,3442.7,HR
6,5,4080.57,4215.97,HR
6,5,3223.8,3561.47,HR
6,5,2033.4,2325.37,HR
6,5,1915.0,2092.17,HR
6,5,1994.75,2298.38,HR
6,9,7703.0,7795.67,HR
6,9,4972.25,4558.41,HR
6,9,3504.33,4102.28,HR
6,9,3734.0,4079.87,HR
6,9,2265.33,2671.86,HR
6,9,2074.0,2070.44,HR
6,9,2303.4,2682.25,HR
6,9,1960.33,1862.53,HR
6,4,3976.0,4312.03,HR
6,4,3350.0,3464.04,HR
6,4,4182.0,5957.21,HR
6,4,3728.5,4058.09,HR
6,4,1725.0,1744.18,HR
6,4,3540.0,3329.35,HR
6,4,2290.33,2248.49,HR
6,4,1141.33,1316.23,HR
6,1,4380.4,4372.06,HR
6,1,4320.75,4049.09,HR
6,1,15718.0,17347.86,HR
6,1,3703.4,3444.99,HR
6,1,3673.25,4216.13,HR
6,1,11430.43,5362.6,HR
6,1,3434.25,3482.37,HR
6,1,2926.88,3376.7,HR
6,19,5534.5,6837.92,HR
6,19,7453.0,10134.71,HR
6,19,10479.5,13824.16,HR
6,19,2912.0,4066.11,HR
6,19,5503.75,6723.54,HR
6,19,8529.0,11834.39,HR
6,19,4921.0,6743.51,HR
6,19,15794.25,18031.37,HR
6,19,4822.0,8799.75,HR
6,19,4708.2,5727.32,HR
6,19,2834.0,2963.04,HR
6,19,2055.22,6108.11,HR
6,19,1289.0,1417.01,HR
6,19,1366.83,2159.16,HR
6,19,786.71,863.86,HR
6,19,1045.67,1101.28,HR
6,19,3758.33,3167.79,HR
6,19,6147.8,6216.47,HR
6,19,4025.0,3641.92,HR
6,19,2775.45,2745.82,HR
6,19,3399.6,2520.45,HR
6,19,2989.71,2772.29,HR
6,19,3689.8,3547.39,HR
6,19,1442.33,1558.5,HR
6,19,2067.5,1860.68,HR
6,19,2532.75,1787.2,HR
6,19,1037.75,1072.78,HR
6,19,2349.0,1771.74,HR
6,19,1842.5,1762.36,HR
6,19,1844.38,1482.3,HR
6,19,1915.0,1774.77,HR
6,19,1821.17,1752.67,HR
6,19,3177.33,3250.21,HR
6,19,3466.0,3993.88,HR
6,19,2381.67,2305.71,HR
6,19,2096.2,2142.27,HR
6,19,2388.0,2341.97,HR
6,19,1826.75,1605.83,HR
6,19,880.57,967.81,HR
6,19,1478.67,1418.47,HR
6,19,4040.86,3928.06,HR
6,19,5067.0,5078.51,HR
6,19,4491.8,4739.01,HR
6,19,3443.33,3555.94,HR
6,19,2597.17,2793.95,HR
6,19,4536.83,4990.69,HR
6,19,2753.25,3010.41,HR
6,19,3659.5,5447.36,HR
6,20,4193.5,4362.95,HR
6,20,5926.0,5861.1,HR
6,20,1649.33,1371.94,HR
6,20,1448.17,1385.45,HR
6,20,1596.5,1535.82,HR
6,20,1677.86,1391.34,HR
6,20,1684.67,1541.71,HR
6,20,1535.2,1429.61,HR
6,2,2187.33,2716.1,HR
6,2,4009.2,4805.64,HR
6,2,2148.75,2900.12,HR
6,2,2280.25,2560.9,HR
6,2,3610.25,4410.35,HR
6,2,3211.25,4154.02,HR
6,2,2815.75,3393.8,HR
6,2,1644.75,2050.98,HR
6,19,3893.67,4638.0,HR
6,19,5431.5,6548.5,HR
6,19,1182.14,1320.62,HR
6,19,1851.5,1970.68,HR
6,19,1977.0,2172.2,HR
6,19,3648.0,3664.3,HR
6,19,841.4,1049.48,HR
6,19,826.83,878.89,HR
6,3,5021.6,3876.31,HR
6,3,3830.0,2826.67,HR
6,3,2215.0,2494.5,HR
6,3,1586.75,1575.14,HR
6,3,3200.33,3067.43,HR
6,3,2089.2,2935.47,HR
6,3,983.25,966.88,HR
6,3,909.25,964.25,HR
6,19,4211.75,4004.93,HR
6,19,3826.67,3807.31,HR
6,19,3127.5,2964.49,HR
6,19,2841.0,2763.23,HR
6,19,2665.67,2553.61,HR
6,19,2585.5,2525.5,HR
6,19,973.4,991.1,HR
6,19,1181.8,1148.07,HR
6,19,7225.0,4985.13,HR
6,19,4535.25,5296.45,HR
6,19,2222.83,2813.79,HR
6,19,1618.0,1828.03,HR
6,19,1604.17,1775.54,HR
6,19,1579.8,1643.64,HR
6,19,924.75,974.89,HR
6,19,887.0,938.37,HR
6,2,3824.0,4185.23,HR
6,2,6191.5,7282.25,HR
6,2,2495.54,2817.33,HR
6,2,2774.0,3309.55,HR
6,2,2615.75,3104.65,HR
6,2,3282.0,3528.42,HR
6,2,892.2,944.58,HR
6,2,918.13,961.26,HR
6,19,9338.75,8654.13,HR
6,19,11669.5,11749.09,HR
6,19,6168.0,5725.34,HR
6,19,3084.0,3156.97,HR
6,19,2210.0,2280.47,HR
6,19,3603.0,3465.74,HR
6,19,760.0,663.18,HR
6,19,684.29,727.74,HR
6,2,4224.83,4269.81,HR
6,2,5046.0,4136.31,HR
6,2,2882.5,3485.31,HR
6,2,2094.0,2285.41,HR
6,2,2458.71,2459.26,HR
6,2,2611.0,2308.47,HR
6,2,978.33,1128.84,HR
6,2,999.25,989.52,HR
6,1,3230.0,3525.89,HR
6,1,4559.0,5047.22,HR
6,1,1330.17,1811.67,HR
6,1,1348.38,1596.49,HR
6,1,5022.0,5547.21,HR
6,1,2047.8,2329.06,HR
6,1,1298.11,1376.01,HR
6,1,1800.8,2234.61,HR
6,19,4848.4,6577.89,HR
6,19,9060.5,10480.57,HR
6,19,6893.67,8024.63,HR
6,19,9775.25,11645.93,HR
6,19,6032.75,7590.25,HR
6,19,4933.0,5843.24,HR
6,19,10230.33,11203.53,HR
6,19,7096.67,9018.08,HR
6,3,4114.2,3443.08,HR
6,3,4146.33,3724.83,HR
6,3,2810.25,2830.08,HR
6,3,3070.8,2758.88,HR
6,3,3278.8,3101.95,HR
6,3,1388.71,1451.77,HR
6,3,801.4,824.25,HR
6,3,930.8,993.29,HR
6,19,6300.33,6196.45,HR
6,19,15204.67,16667.73,HR
6,19,5368.0,6463.45,HR
6,19,4914.14,7423.11,HR
6,19,7332.75,7936.09,HR
6,19,7303.0,7577.98,HR
6,19,6768.25,7775.65,HR
6,19,5069.5,8247.46,HR
6,20,6741.0,6297.85,HR
6,20,4028.0,4030.49,HR
6,20,1041.43,1010.68,HR
6,20,1683.75,1706.32,HR
6,20,2774.33,2775.61,HR
6,20,1242.33,1225.29,HR
6,20,895.63,859.65,HR
6,20,1000.17,1006.63,HR
6,16,3862.0,3953.34,HR
6,16,3040.67,2479.34,HR
6,16,1293.17,1004.7,HR
6,16,1066.75,1122.37,HR
6,16,1683.0,1598.48,HR
6,16,2989.75,2268.76,HR
6,16,937.4,978.28,HR
6,16,984.69,1129.24,HR
6,17,2840.25,2914.36,HR
6,17,3981.0,5857.4,HR
6,17,1829.5,1816.38,HR
6,17,2118.33,2026.21,HR
6,17,1519.0,1632.47,HR
6,17,755.33,777.84,HR
6,17,1385.75,1347.5,HR
6,17,1287.25,1259.29,HR
6,19,6432.8,6768.58,HR
6,19,3529.25,3539.25,HR
6,19,1517.75,1545.28,HR
6,19,4535.25,4660.97,HR
6,19,4558.0,4265.67,HR
6,19,1134.5,1080.39,HR
6,19,1470.17,1486.3,HR
6,19,1143.5,1104.96,HR
6,15,4302.0,4800.08,HR
6,15,5700.33,6088.99,HR
6,15,2173.5,2096.31,HR
6,15,3363.0,3726.9,HR
6,15,2067.6,2079.53,HR
6,15,3064.33,3558.37,HR
6,15,902.6,842.05,HR
6,15,1103.8,1118.03,HR
6,18,16327.0,15347.41,HR
6,18,8539.75,7816.12,HR
6,18,13340.33,12887.09,HR
6,18,14163.67,15241.75,HR
6,18,11955.4,11835.26,HR
6,18,7619.0,8097.56,HR
6,18,6419.0,6391.83,HR
6,18,8621.0,8903.19,HR
6,18,3830.0,3806.03,HR
6,18,4260.0,4378.08,HR
6,18,6184.33,6411.87,HR
6,18,1736.5,1738.62,HR
6,18,6400.0,6417.12,HR
6,18,3229.0,3423.79,HR
6,18,2544.25,2638.63,HR
6,18,2218.6,2202.26,HR
6,14,5253.0,5001.9,HR
6,14,5583.0,5570.95,HR
6,14,1992.5,1783.49,HR
6,14,2742.33,2723.06,HR
6,14,2075.22,1736.89,HR
6,14,3206.11,2507.22,HR
6,14,1524.5,1436.97,HR
6,14,962.5,905.38,HR
6,19,4771.0,4434.86,HR
6,19,4841.0,4850.52,HR
6,19,1978.5,2771.26,HR
6,19,3161.5,3343.92,HR
6,19,1213.33,1239.93,HR
6,19,3861.5,3872.94,HR
6,19,936.86,915.45,HR
6,19,902.33,909.01,HR
6,14,3992.0,4463.59,HR
6,14,6020.33,5442.82,HR
6,14,5030.17,9317.42,HR
6,14,2611.0,3939.67,HR
6,14,5341.25,2528.13,HR
6,14,553.5,581.98,HR
6,14,707.0,702.43,HR
6,18,2896.0,2722.6,HR
6,18,3869.0,3932.08,HR
6,18,3730.0,3169.62,HR
6,18,2624.0,2549.33,HR
6,18,3961.0,3782.3,HR
6,18,3151.83,2893.67,HR
6,18,3242.33,2817.81,HR
6,18,1627.33,1625.62,HR
6,14,7156.0,6641.07,HR
6,14,8542.2,10897.24,HR
6,14,7384.0,7982.87,HR
6,14,5792.25,5751.91,HR
6,14,4872.67,4631.98,HR
6,14,4736.67,4257.42,HR
6,14,7236.0,6292.75,HR
6,14,5105.8,4305.22,HR
6,14,4025.75,4703.08,HR
6,14,3981.4,3966.61,HR
6,14,2514.5,2243.78,HR
6,14,2723.25,2971.13,HR
6,14,2897.0,2809.81,HR
6,14,2302.8,2266.03,HR
6,14,1483.0,1019.44,HR
6,14,1743.0,1687.73,HR
6,17,3661.8,3521.36,HR
6,17,1742.5,1706.92,HR
6,17,1151.71,1335.88,HR
6,17,1089.71,1095.53,HR
6,17,2607.0,2439.33,HR
6,17,1274.17,1458.6,HR
6,17,1967.0,2090.93,HR
6,17,1328.86,1506.27,HR
6,13,2996.43,2505.94,HR
6,13,3158.0,2751.42,HR
6,13,3363.4,3032.99,HR
6,13,3591.5,3890.47,HR
6,13,2423.0,2653.96,HR
6,13,1690.67,2078.47,HR
6,13,1387.0,1522.45,HR
6,13,1265.8,1370.4,HR
6,16,8534.5,8599.23,HR
6,16,5137.89,2141.98,HR
6,16,1497.0,1560.7,HR
6,16,2889.57,2659.86,HR
6,16,1572.33,1494.34,HR
6,16,1210.6,1147.13,HR
6,16,1177.0,1012.94,HR
6,16,1096.75,1107.43,HR
6,15,4726.5,4916.69,HR
6,15,5720.0,5567.84,HR
6,15,1783.2,1707.84,HR
6,15,3123.75,3055.16,HR
6,15,3753.5,3007.24,HR
6,15,3069.17,3140.64,HR
6,15,951.6,980.68,HR
6,15,1618.0,1830.89,HR
6,13,13779.43,6976.96,HR
6,13,5423.67,4253.94,HR
6,13,4865.0,5414.83,HR
6,13,3940.75,3875.78,HR
6,13,4007.33,4553.5,HR
6,13,3294.0,4029.73,HR
6,13,3556.67,3030.87,HR
6,13,2849.5,2869.26,HR
6,18,4514.5,6130.96,HR
6,18,22055.5,9141.6,HR
6,18,8771.0,8661.41,HR
6,18,7165.5,6873.82,HR
6,18,2877.33,2541.35,HR
6,18,1645.0,1948.53,HR
6,18,2034.0,2049.95,HR
6,18,2670.6,2543.86,HR
6,12,2573.5,3260.49,HR
6,12,14029.25,5478.77,HR
6,12,3201.0,3303.91,HR
6,12,1512.67,1597.05,HR
6,12,2143.2,3004.02,HR
6,12,1307.83,1352.17,HR
6,12,1615.8,1774.57,HR
6,12,1046.6,1175.64,HR
6,19,1947.67,2024.01,HR
6,19,1861.33,1872.75,HR
6,19,2895.5,2816.87,HR
6,19,1443.6,1477.9,HR
6,19,1645.33,1612.59,HR
6,19,2124.5,2157.14,HR
6,19,1661.83,1652.82,HR
6,19,1641.25,1616.8,HR
6,18,12139.25,12546.96,HR
6,18,14665.67,14611.56,HR
6,18,16168.67,15815.01,HR
6,18,15472.67,15564.13,HR
6,18,11667.0,11246.79,HR
6,18,8997.8,10270.62,HR
6,18,8549.75,9086.8,HR
6,18,5808.75,6283.24,HR
6,19,5104.25,7513.77,HR
6,19,3973.0,4195.6,HR
6,19,1460.25,2010.02,HR
6,19,2675.5,3116.87,HR
6,19,1549.2,1911.6,HR
6,19,1385.75,1817.8,HR
6,19,780.5,941.87,HR
6,19,732.29,839.66,HR
6,19,4031.6,4807.22,HR
6,19,3999.0,4237.36,HR
6,19,4252.75,6501.53,HR
6,19,4027.67,4829.22,HR
6,19,2777.5,3205.31,HR
6,19,2340.14,2609.46,HR
6,19,9897.71,4948.64,HR
6,19,2255.67,2508.0,HR
6,18,19549.33,20819.93,HR
6,18,12803.25,8523.87,HR
6,18,15887.33,11921.44,HR
6,18,20342.25,15517.01,HR
6,18,16962.0,18035.24,HR
6,18,10163.2,7045.99,HR
6,18,14233.33,13206.85,HR
6,18,16857.6,12310.39,HR
6,20,6197.0,6190.15,HR
6,20,3994.14,3828.29,HR
6,20,1412.4,1447.76,HR
6,20,1757.25,1789.1,HR
6,20,1569.0,1259.89,HR
6,20,1243.1,1117.37,HR
6,20,780.25,751.38,HR
6,20,1065.0,904.4,HR
6,17,4229.67,4708.32,HR
6,17,2447.75,3392.58,HR
6,17,3047.83,2574.59,HR
6,17,1367.0,1535.9,HR
6,17,1677.5,2734.69,HR
6,17,2199.75,2871.19,HR
6,17,989.0,1083.72,HR
6,17,859.6,980.97,HR
6,19,5152.5,5590.17,HR
6,19,5369.2,4862.28,HR
6,19,2694.25,2823.43,HR
6,19,3305.0,3245.31,HR
6,19,2821.0,2739.77,HR
6,19,2786.25,2357.41,HR
6,19,1582.88,1579.0,HR
6,19,1603.14,1664.54,HR
6,16,3892.5,4341.1,HR
6,16,5374.0,5807.6,HR
6,16,1839.75,2394.72,HR
6,16,1574.0,1855.24,HR
6,16,1928.0,3547.75,HR
6,16,1976.0,2129.78,HR
6,16,900.0,1028.42,HR
6,16,1926.5,2112.84,HR
6,11,4962.5,4227.57,HR
6,11,1808.0,2081.74,HR
6,11,2668.0,3238.78,HR
6,11,2247.0,2099.6,HR
6,11,1715.67,1927.17,HR
6,11,2519.0,2456.37,HR
6,11,966.8,1034.05,HR
6,11,1309.0,1519.62,HR
6,8,5258.0,5093.41,HR
6,8,2905.5,3094.54,HR
6,8,3567.0,3774.09,HR
6,8,2640.0,2939.35,HR
6,8,2924.5,3242.14,HR
6,8,5491.0,5978.4,HR
6,8,2465.33,2818.94,HR
6,8,2205.2,2381.69,HR
6,9,6689.0,8014.51,HR
6,9,1412.6,1753.15,HR
6,9,2193.75,2540.94,HR
6,9,1656.4,2078.48,HR
6,9,1507.6,2021.6,HR
6,9,1770.0,2278.56,HR
6,9,1408.2,1552.93,HR
6,9,1784.5,2212.82,HR
6,11,5108.0,2801.9,HR
6,11,5258.0,5827.55,HR
6,11,1815.0,2317.0,HR
6,11,1107.2,1166.98,HR
6,11,1476.4,1467.69,HR
6,11,1102.17,1389.95,HR
6,11,484.54,451.7,HR
6,11,2618.0,2793.48,HR
6,8,7463.33,7450.05,HR
6,8,3168.67,2900.58,HR
6,8,3908.33,3919.89,HR
6,8,3169.33,4724.13,HR
6,8,1384.67,1461.11,HR
6,8,2050.67,2017.03,HR
6,8,1138.33,1427.01,HR
6,8,874.14,914.26,HR
6,10,4025.5,4228.31,HR
6,10,3828.75,3872.59,HR
6,10,1933.0,2212.28,HR
6,10,934.14,1144.38,HR
6,10,1816.5,2145.68,HR
6,10,1837.0,2025.63,HR
6,10,1005.71,1049.12,HR
6,10,1022.38,1452.22,HR
6,9,5019.5,5005.25,HR
6,9,3372.5,3469.42,HR
6,9,4120.5,3505.65,HR
6,9,3148.5,4418.23,HR
6,9,2214.0,2184.19,HR
6,9,2234.0,2359.31,HR
6,9,3577.67,8764.24,HR
6,9,503.88,556.6,HR
6,7,5613.25,4956.85,HR
6,7,8123.4,6432.1,HR
6,7,6160.5,4656.05,HR
6,7,1746.17,1118.54,HR
6,7,2812.75,2730.56,HR
6,7,5537.0,2974.9,HR
6,7,2841.33,2452.6,HR
6,7,3154.0,3177.84,HR
6,12,2937.0,3353.3,HR
6,12,1728.0,2309.78,HR
6,12,3894.0,4773.27,HR
6,12,1776.6,1950.65,HR
6,12,1775.75,1667.94,HR
6,12,3418.0,3642.25,HR
6,12,1331.6,1316.12,HR
6,12,1077.4,1171.7,HR
6,7,7793.25,4992.84,HR
6,7,3064.0,2937.7,HR
6,7,1226.0,1222.53,HR
6,7,3293.0,3140.74,HR
6,7,4717.0,4205.84,HR
6,7,1221.25,1166.83,HR
6,7,1315.67,1362.7,HR
6,7,3179.0,3328.18,HR
6,6,5828.5,6226.62,HR
6,6,16798.67,12708.8,HR
6,6,11255.5,8009.58,HR
6,6,4161.0,4300.04,HR
6,6,3668.0,4244.27,HR
6,6,7703.33,6808.08,HR
6,6,3061.71,2408.25,HR
6,6,3118.0,3659.37,HR
6,2,2943.0,3572.91,HR
6,2,3441.5,4294.24,HR
6,2,4727.0,5122.55,HR
6,2,7620.0,8326.85,HR
6,2,1657.5,1898.6,HR
6,2,2204.0,2763.04,HR
6,2,3505.33,3866.16,HR
6,2,2633.25,3228.11,HR
6,3,4932.75,4955.8,HR
6,3,3712.33,4200.26,HR
6,3,3243.5,3773.36,HR
6,3,1474.33,1499.38,HR
6,3,992.75,1116.77,HR
6,3,1096.8,1247.17,HR
6,3,931.0,1033.81,HR
6,3,1398.29,1032.79,HR
6,5,4754.75,5174.96,HR
6,5,3200.75,5271.21,HR
6,5,1274.75,1554.99,HR
6,5,2037.5,2448.46,HR
6,5,4710.0,4945.89,HR
6,5,1447.71,1567.03,HR
6,5,1391.0,1467.44,HR
6,5,1350.75,1483.25,HR
6,2,9256.0,10222.58,HR
6,2,9090.33,9213.98,HR
6,2,1958.6,1769.31,HR
6,2,2560.0,2795.89,HR
6,2,1720.25,1973.32,HR
6,2,4033.25,4991.74,HR
6,2,841.86,958.21,HR
6,2,984.0,984.0,HR
6,4,4200.8,10123.72,HR
6,4,6805.0,8311.16,HR
6,4,1005.5,1005.94,HR
6,4,1751.5,2487.28,HR
6,4,2382.4,1947.08,HR
6,4,2829.0,2511.14,HR
6,4,984.75,1037.9,HR
6,4,925.0,914.38,HR
6,3,5441.75,5904.3,HR
6,3,2357.67,2752.1,HR
6,3,2950.0,3463.61,HR
6,3,842.6,949.12,HR
6,3,3723.75,4858.37,HR
6,3,1122.25,1225.67,HR
6,3,1994.67,2253.11,HR
6,3,1128.5,1182.32,HR
6,1,4592.0,4481.4,HR
6,1,2532.6,2748.34,HR
6,1,2769.8,3204.7,HR
6,1,919.5,1136.38,HR
6,1,5164.4,3368.45,HR
6,1,809.0,826.88,HR
6,1,867.67,881.0,HR
6,1,956.91,797.61,HR
6,6,8681.17,6443.72,HR
6,6,6376.33,6105.37,HR
6,6,3743.4,4045.43,HR
6,6,5598.33,14959.98,HR
6,6,3743.2,3873.5,HR
6,6,9201.0,7228.35,HR
6,6,3782.5,2808.76,HR
6,6,4229.0,3474.24,HR
6,20,2550.25,2656.48,HR
6,20,1478.43,1609.13,HR
6,20,1418.0,1451.6,HR
6,20,1480.83,1521.38,HR
6,20,2200.0,2192.03,HR
6,20,1871.2,1992.21,HR
6,20,1456.67,1465.14,HR
6,20,1763.67,1816.95,HR
6,20,1073.92,1276.11,HR
6,20,1642.0,1841.21,HR
6,20,920.8,1072.59,HR
6,20,1270.33,1389.87,HR
6,20,1653.0,2258.42,HR
6,20,1833.36,1143.11,HR
6,20,2764.8,1787.95,HR
6,20,1165.78,1240.48,HR
6,19,1778.08,1975.37,HR
6,19,4156.0,4765.04,HR
6,19,1254.0,1449.59,HR
6,19,1357.5,1586.4,HR
6,19,1407.4,1507.39,HR
6,19,1458.0,1650.52,HR
6,19,4404.0,4305.68,HR
6,19,1247.86,1257.44,HR
6,19,1626.91,1802.18,HR
6,19,1060.0,1155.18,HR
6,19,995.29,1051.41,HR
6,19,1249.93,1625.55,HR
6,19,14917.64,2600.08,HR
6,19,935.0,1042.99,HR
6,19,954.0,1085.92,HR
6,19,1317.13,1374.9,HR
6,18,3122.4,3317.77,HR
6,18,1438.67,1418.64,HR
6,18,2076.2,2154.53,HR
6,18,3329.33,3472.83,HR
6,18,2661.25,2557.26,HR
6,18,1552.5,1593.58,HR
6,18,1609.67,1738.09,HR
6,18,2012.0,2054.84,HR
6,17,5716.8,4817.48,HR
6,17,2587.43,2320.99,HR
6,17,3470.5,3514.3,HR
6,17,2649.6,2695.63,HR
6,17,3089.67,2819.71,HR
6,17,2967.33,3530.8,HR
6,17,3150.5,3054.27,HR
6,17,2814.2,3034.58,HR
6,15,3288.0,3672.43,HR
6,15,3062.0,3357.64,HR
6,15,2056.2,2125.9,HR
6,15,2335.0,2431.63,HR
6,15,2531.5,2611.84,HR
6,15,3105.88,2831.42,HR
6,15,2808.67,2851.73,HR
6,15,2426.5,2557.13,HR
6,15,3632.0,3470.42,HR
6,15,2866.5,3002.39,HR
6,15,1859.0,1900.46,HR
6,15,3698.8,3685.27,HR
6,15,1753.22,1810.18,HR
6,15,2677.5,4807.09,HR
6,15,1696.25,1796.32,HR
6,15,2658.0,2683.68,HR
6,17,3522.0,3484.66,HR
6,17,1400.0,1889.24,HR
6,17,2241.6,2314.48,HR
6,17,1764.71,2158.98,HR
6,17,2766.14,3354.69,HR
6,17,1337.14,1718.9,HR
6,17,1880.6,2603.19,HR
6,17,2560.25,3123.18,HR
6,14,3543.5,2893.09,HR
6,14,1624.0,1496.74,HR
6,14,1596.25,1558.15,HR
6,14,1308.0,1378.55,HR
6,14,2337.2,2488.16,HR
6,14,2342.2,2540.36,HR
6,14,1247.0,1343.86,HR
6,14,2681.2,2427.76,HR
6,16,1765.87,2066.26,HR
6,16,2857.4,3363.87,HR
6,16,746.88,819.36,HR
6,16,1240.0,1381.27,HR
6,16,2777.45,2210.06,HR
6,16,2057.25,2434.24,HR
6,16,1635.63,1938.24,HR
6,16,2694.2,2966.28,HR
6,16,5307.75,5455.35,HR
6,16,1803.5,1653.74,HR
6,16,2133.67,2461.52,HR
6,16,1864.6,2078.87,HR
6,16,4544.25,4937.74,HR
6,16,1730.75,1824.41,HR
6,16,1577.4,1757.45,HR
6,16,2514.25,2961.17,HR
6,14,1582.4,1627.44,HR
6,14,1681.6,1597.3,HR
6,14,3847.0,3846.32,HR
6,14,2022.75,1817.42,HR
6,14,2567.5,2453.01,HR
6,14,1904.0,1880.76,HR
6,14,1897.5,1754.04,HR
6,14,2059.5,1984.81,HR
6,18,3863.5,3963.83,HR
6,18,3554.5,3568.34,HR
6,18,1438.4,1460.8,HR
6,18,1607.0,1622.34,HR
6,18,1496.4,1471.88,HR
6,18,4963.25,4678.56,HR
6,18,5867.25,5577.58,HR
6,18,3930.5,3883.87,HR
6,13,2379.0,3230.64,HR
6,13,1835.0,2177.53,HR
6,13,1105.83,1370.7,HR
6,13,973.67,1252.84,HR
6,13,4646.5,6780.27,HR
6,13,1440.2,1790.23,HR
6,13,1845.0,2344.88,HR
6,13,1862.5,2148.82,HR
6,13,2942.25,3270.98,HR
6,13,2117.0,2229.17,HR
6,13,1884.14,2334.69,HR
6,13,3242.2,4261.35,HR
6,13,1105.2,1432.05,HR
6,13,1460.0,1996.85,HR
6,13,1690.33,2310.95,HR
6,13,2912.25,3648.98,HR
6,11,2345.5,2300.36,HR
6,11,595.6,690.78,HR
6,11,2681.75,2490.69,HR
6,11,789.17,759.9,HR
6,11,1222.5,1287.02,HR
6,11,844.88,931.3,HR
6,11,1237.6,1079.65,HR
6,11,615.83,627.18,HR
6,11,1131.0,982.1,HR
6,11,1771.0,1640.08,HR
6,11,902.4,836.65,HR
6,11,952.46,829.21,HR
6,11,1201.6,1272.94,HR
6,11,1824.75,1596.29,HR
6,11,3107.57,3109.29,HR
6,11,3061.67,2942.47,HR
6,12,2652.4,3492.48,HR
6,12,647.0,759.19,HR
6,12,699.67,877.2,HR
6,12,1354.75,1657.22,HR
6,12,1900.4,2351.25,HR
6,12,1383.4,1776.28,HR
6,12,1104.25,1321.24,HR
6,12,1456.25,1837.21,HR
6,11,2322.17,3919.7,HR
6,11,1636.0,2057.64,HR
6,11,1402.5,1629.04,HR
6,11,992.6,1285.12,HR
6,11,1782.5,2291.99,HR
6,11,1499.5,2013.92,HR
6,11,811.75,1080.31,HR
6,11,1463.27,1691.02,HR
6,12,1813.0,2001.87,HR
6,12,1928.75,1723.07,HR
6,12,1384.33,1233.76,HR
6,12,1686.25,2108.08,HR
6,12,2647.67,2292.05,HR
6,12,1474.0,1438.66,HR
6,12,1722.0,1871.66,HR
6,12,721.33,826.58,HR
6,12,1512.67,1896.84,HR
6,12,2724.0,1913.78,HR
6,12,2610.14,1870.22,HR
6,12,1755.83,1856.97,HR
6,12,3028.4,2945.3,HR
6,12,2282.67,2421.98,HR
6,12,1273.0,1938.34,HR
6,12,2690.89,2956.57,HR
6,10,1567.6,1847.7,HR
6,10,1559.5,1759.84,HR
6,10,1052.67,1245.13,HR
6,10,1303.86,1532.09,HR
6,10,1784.88,1928.52,HR
6,10,1369.0,1453.04,HR
6,10,598.29,653.08,HR
6,10,3193.0,4324.35,HR
6,13,4861.4,5033.35,HR
6,13,3157.5,2800.14,HR
6,13,2310.8,2229.13,HR
6,13,2706.0,2847.23,HR
6,13,5684.0,5148.9,HR
6,13,1560.75,1772.91,HR
6,13,2136.0,2468.74,HR
6,13,2437.0,2705.15,HR
6,10,1406.71,1423.26,HR
6,10,1326.83,1492.91,HR
6,10,2191.75,2132.57,HR
6,10,976.25,1040.05,HR
6,10,2359.0,2418.85,HR
6,10,1614.1,1717.68,HR
6,10,2792.6,3171.48,HR
6,10,2323.86,2564.81,HR
6,9,3226.8,3497.12,HR
6,9,1171.6,1437.97,HR
6,9,1319.6,1497.57,HR
6,9,2897.0,3191.21,HR
6,9,3732.67,4508.65,HR
6,9,2053.17,2281.93,HR
6,9,1941.2,2224.05,HR
6,9,2975.5,3254.75,HR
6,7,648.44,749.81,HR
6,7,1252.17,1668.51,HR
6,7,635.0,728.12,HR
6,7,2664.5,2574.29,HR
6,7,1042.91,1206.15,HR
6,7,1027.0,1130.26,HR
6,7,1590.5,1734.85,HR
6,7,1191.0,1315.52,HR
6,8,3683.2,3683.36,HR
6,8,1449.0,1886.05,HR
6,8,1630.88,2102.24,HR
6,8,1196.89,1448.53,HR
6,8,2033.33,2413.77,HR
6,8,2361.0,2784.29,HR
6,8,2308.0,2169.92,HR
6,8,1832.33,2208.22,HR
6,9,2007.53,2315.33,HR
6,9,2791.6,3023.87,HR
6,9,1377.0,1656.45,HR
6,9,1311.25,1480.36,HR
6,9,2025.8,2250.88,HR
6,9,3507.0,3869.99,HR
6,9,2923.2,3102.24,HR
6,9,1200.75,1421.78,HR
6,7,1000.0,1196.16,HR
6,7,1109.17,1371.75,HR
6,7,1397.43,1755.67,HR
6,7,1662.67,1817.83,HR
6,7,2025.83,2351.59,HR
6,7,1528.0,1656.58,HR
6,7,2201.8,2394.29,HR
6,7,1532.08,2012.7,HR
6,8,1965.5,2507.97,HR
6,8,1656.6,2141.07,HR
6,8,2225.5,2742.08,HR
6,8,2747.75,2961.0,HR
6,8,3039.5,2424.73,HR
6,8,2116.0,1874.9,HR
6,8,2650.25,2400.52,HR
6,8,3087.0,3704.81,HR
6,8,2063.0,2078.27,HR
6,8,1938.5,2332.87,HR
6,8,1973.0,2258.23,HR
6,8,2457.5,2818.22,HR
6,8,1311.25,1480.36,HR
6,8,1279.6,1511.87,HR
6,8,1878.0,2005.89,HR
6,8,1124.3,1349.38,HR
6,6,4114.0,3770.74,HR
6,6,3511.0,3611.68,HR
6,6,1427.8,1663.22,HR
6,6,1865.63,2523.38,HR
6,6,2259.5,2857.35,HR
6,6,1824.67,2237.0,HR
6,6,1525.5,1654.08,HR
6,6,1397.43,1755.67,HR
6,9,6485.0,5944.08,HR
6,9,2486.57,2557.51,HR
6,9,1289.5,1442.17,HR
6,9,3404.75,3341.05,HR
6,9,3374.4,3909.19,HR
6,9,1844.5,2096.73,HR
6,9,1233.75,1467.38,HR
6,9,2685.67,2810.78,HR
6,6,1845.0,1887.91,HR
6,6,1584.0,1697.45,HR
6,6,1390.0,1536.05,HR
6,6,3423.0,4098.72,HR
6,6,2365.6,3054.04,HR
6,6,3082.0,3353.83,HR
6,6,1115.4,1328.13,HR
6,6,2740.0,2946.38,HR
6,20,1073.6,1107.02,HR
6,20,1409.75,1534.89,HR
6,20,914.0,1048.82,HR
6,20,1062.67,1126.8,HR
6,20,1457.25,1604.75,HR
6,20,1604.67,1691.24,HR
6,20,1079.0,1183.55,HR
6,20,835.5,905.98,HR
6,17,3555.8,3762.1,HR
6,17,2956.8,3451.85,HR
6,17,3707.0,3981.23,HR
6,17,4765.0,5870.48,HR
6,17,3070.25,3292.41,HR
6,17,2340.75,2712.26,HR
6,17,2903.0,3162.11,HR
6,17,2237.75,3049.5,HR
6,18,167462.0,19099.86,HR
6,18,1005.56,909.6,HR
6,18,1195.2,1234.05,HR
6,18,1225.2,1356.13,HR
6,18,3574.5,3539.74,HR
6,18,1091.4,1186.25,HR
6,18,1609.5,1630.05,HR
6,18,816.83,915.74,HR
6,19,1979.33,1781.35,HR
6,19,1201.6,1147.59,HR
6,19,1327.0,1088.6,HR
6,19,1679.0,1564.96,HR
6,19,2003.33,1699.2,HR
6,19,1623.0,1504.2,HR
6,19,2030.25,1973.2,HR
6,19,1224.0,1197.38,HR
6,17,3601.67,3814.98,HR
6,17,1952.17,2112.93,HR
6,17,1018.6,1118.89,HR
6,17,1753.73,2133.75,HR
6,17,2221.8,2768.28,HR
6,17,1441.17,1599.8,HR
6,17,1130.71,1217.5,HR
6,17,1733.4,2005.14,HR
6,19,1485.23,1626.92,HR
6,19,2003.4,2180.19,HR
6,19,1110.75,1164.38,HR
6,19,688.64,755.14,HR
6,19,1629.8,1836.57,HR
6,19,1691.25,1844.81,HR
6,19,2157.6,2387.02,HR
6,19,1792.22,2651.95,HR
6,16,3064.67,3136.26,HR
6,16,2522.8,2176.58,HR
6,16,1007.33,1853.09,HR
6,16,1788.2,2254.04,HR
6,16,1417.14,1480.88,HR
6,16,1619.4,1363.18,HR
6,16,1531.75,1775.62,HR
6,16,1394.17,1375.95,HR
6,20,2053.33,2448.68,HR
6,20,1012.0,1143.12,HR
6,20,1002.8,1227.92,HR
6,20,2368.4,2741.91,HR
6,20,2085.1,2085.76,HR
6,20,1210.0,1309.54,HR
6,20,1222.5,1360.58,HR
6,20,1482.0,1610.22,HR
6,16,2080.75,2275.41,HR
6,16,2023.2,2135.8,HR
6,16,3561.75,2675.79,HR
6,16,2540.67,2849.62,HR
6,16,1368.5,1388.18,HR
6,16,1376.0,1535.62,HR
6,16,2239.2,2188.21,HR
6,16,2588.0,2180.95,HR
6,17,3735.5,4634.13,HR
6,17,3129.0,3334.89,HR
6,17,1304.67,1411.68,HR
6,17,2041.0,1999.56,HR
6,17,2495.5,2139.51,HR
6,17,1896.0,2031.41,HR
6,17,2369.5,2881.76,HR
6,17,1443.67,1768.64,HR
6,15,1570.6,1400.93,HR
6,15,1503.33,1343.93,HR
6,15,1692.4,1750.45,HR
6,15,1373.0,1352.27,HR
6,15,4186.75,3440.41,HR
6,15,1412.4,1273.25,HR
6,15,2507.0,2327.02,HR
6,15,1816.17,1544.13,HR
6,15,2407.86,2176.9,HR
6,15,1165.0,1056.64,HR
6,15,1581.2,1437.67,HR
6,15,1690.4,1519.03,HR
6,15,1673.36,1744.55,HR
6,15,2142.67,1972.02,HR
6,15,2848.67,3062.62,HR
6,15,1458.5,1314.4,HR
6,17,3915.5,3824.99,HR
6,17,3425.25,3532.08,HR
6,17,2279.5,2459.74,HR
6,17,2349.7,1914.49,HR
6,17,2639.67,3066.93,HR
6,17,2464.67,2302.95,HR
6,17,3034.5,3298.95,HR
6,17,2452.8,2831.94,HR
6,14,2036.0,1663.96,HR
6,14,2081.2,1417.84,HR
6,14,2103.33,1812.24,HR
6,14,3676.75,3073.82,HR
6,14,6169.4,6655.96,HR
6,14,6411.0,6675.9,HR
6,14,3598.0,3931.29,HR
6,14,3381.0,3087.85,HR
6,16,2762.8,2234.85,HR
6,16,1615.25,1398.88,HR
6,16,2680.0,3031.97,HR
6,16,2038.2,2053.1,HR
6,16,2345.5,2886.25,HR
6,16,1655.0,1756.1,HR
6,16,1813.6,2323.19,HR
6,16,2271.5,2508.42,HR
6,16,3963.17,4270.13,HR
6,16,1544.4,1593.06,HR
6,16,972.33,1056.58,HR
6,16,2831.88,2985.46,HR
6,16,3590.5,3800.77,HR
6,16,1421.0,1364.56,HR
6,16,3041.25,3320.36,HR
6,16,3874.33,4068.4,HR
6,14,2480.13,1589.08,HR
6,14,3751.0,3181.62,HR
6,14,1430.6,1067.37,HR
6,14,3282.0,2626.04,HR
6,14,2727.25,3032.42,HR
6,14,5531.5,3992.12,HR
6,14,2799.33,3118.21,HR
6,14,2548.0,2984.64,HR
6,18,4376.56,4667.49,HR
6,18,1673.25,1696.23,HR
6,18,1045.69,983.83,HR
6,18,1242.67,1322.75,HR
6,18,2062.75,2188.06,HR
6,18,1787.5,1846.06,HR
6,18,3351.67,3661.14,HR
6,18,1603.0,1592.14,HR
6,13,3172.0,4703.46,HR
6,13,2240.0,1992.11,HR
6,13,1839.8,1617.66,HR
6,13,887.17,937.81,HR
6,13,3923.25,4006.16,HR
6,13,3103.5,3415.57,HR
6,13,1971.0,2207.91,HR
6,13,2044.75,2260.32,HR
6,3,1786.5,1995.56,HR
6,3,1258.0,1435.05,HR
6,3,1059.25,1143.83,HR
6,3,994.43,1082.84,HR
6,3,2035.5,2273.86,HR
6,3,1201.67,1229.89,HR
6,3,1242.17,1328.33,HR
6,3,853.8,978.03,HR
6,20,1193.13,1204.3,HR
6,20,1473.5,1631.74,HR
6,20,958.86,955.17,HR
6,20,1033.67,1079.44,HR
6,20,2169.33,2023.28,HR
6,20,1145.43,1137.48,HR
6,20,2579.5,2707.42,HR
6,20,1062.87,1046.16,HR
6,20,2057.5,1809.82,HR
6,20,1313.14,1067.87,HR
6,20,1743.67,1578.63,HR
6,20,2148.0,1858.0,HR
6,20,1995.63,2349.46,HR
6,20,1914.25,2284.04,HR
6,20,932.57,1021.22,HR
6,20,1500.29,1697.94,HR
6,2,1659.29,1877.25,HR
6,2,1533.25,1709.24,HR
6,2,1124.75,1266.33,HR
6,2,1316.25,1544.13,HR
6,2,1546.75,2062.26,HR
6,2,1459.75,1576.09,HR
6,2,1058.5,1162.16,HR
6,2,1341.6,1506.15,HR
6,19,1378.33,1776.44,HR
6,19,990.83,1037.57,HR
6,19,1421.33,1541.06,HR
6,19,1021.38,1077.57,HR
6,19,2393.67,2776.68,HR
6,19,1724.0,1840.58,HR
6,19,1479.0,2067.36,HR
6,19,2026.0,2890.99,HR
6,2,1649.6,1681.85,HR
6,2,1338.5,1432.66,HR
6,2,1222.33,1300.42,HR
6,2,1125.5,1252.74,HR
6,2,878.6,938.46,HR
6,2,1147.6,1251.63,HR
6,2,1526.14,1112.05,HR
6,2,2249.67,2586.38,HR
6,1,764.44,868.08,HR
6,1,1378.5,1580.73,HR
6,1,1474.0,1744.0,HR
6,1,1620.67,1822.72,HR
6,1,1295.17,1484.76,HR
6,1,1710.75,2153.7,HR
6,1,1222.5,1429.12,HR
6,1,1065.5,1285.73,HR
6,19,1296.67,1270.0,HR
6,19,1531.17,1471.12,HR
6,19,2688.67,2694.01,HR
6,19,2183.5,2167.34,HR
6,19,1917.67,1699.67,HR
6,19,2191.82,2214.62,HR
6,19,1949.0,1931.45,HR
6,19,3226.0,3296.62,HR
6,3,1899.0,2073.9,HR
6,3,1224.86,1307.78,HR
6,3,1158.5,1336.68,HR
6,3,1164.8,1346.12,HR
6,3,1593.25,1798.35,HR
6,3,1540.0,1676.44,HR
6,3,1421.5,1532.66,HR
6,3,876.5,964.0,HR
6,18,6616.2,13500.53,HR
6,18,2638.5,2609.8,HR
6,18,4371.0,4182.23,HR
6,18,936.0,967.73,HR
6,18,2818.5,3128.84,HR
6,18,4091.0,4092.1,HR
6,18,3667.0,3338.64,HR
6,18,1661.5,1674.17,HR
6,15,2760.2,3555.79,HR
6,15,1591.8,1919.66,HR
6,15,1482.75,1716.31,HR
6,15,2083.75,2338.22,HR
6,15,1164.78,1341.52,HR
6,15,1017.0,1108.23,HR
6,15,1463.2,1640.84,HR
6,15,1404.3,1480.19,HR
6,13,3720.5,5437.21,HR
6,13,1984.0,2244.32,HR
6,13,905.0,1189.89,HR
6,13,2675.0,3055.0,HR
6,13,3572.5,6238.44,HR
6,13,1674.5,1989.49,HR
6,13,1428.0,1656.93,HR
6,13,2186.67,2728.81,HR
6,13,2449.0,2438.14,HR
6,13,1609.8,1717.28,HR
6,13,2345.2,2080.35,HR
6,13,1974.8,2038.39,HR
6,13,2962.0,2677.43,HR
6,13,1631.5,1403.59,HR
6,13,1450.8,1211.32,HR
6,13,779.75,895.43,HR
6,14,2166.71,1804.17,HR
6,14,1606.4,1398.4,HR
6,14,1436.14,1190.59,HR
6,14,1423.17,1286.45,HR
6,14,1983.67,1808.44,HR
6,14,2074.25,1783.22,HR
6,14,1729.88,1507.02,HR
6,14,2727.0,2458.5,HR
6,12,845.83,991.99,HR
6,12,630.8,727.95,HR
6,12,548.5,658.02,HR
6,12,472.4,652.26,HR
6,12,1843.44,2101.13,HR
6,12,744.6,946.38,HR
6,12,607.71,780.45,HR
6,12,1582.33,1841.47,HR
6,14,1975.2,2236.46,HR
6,14,1608.83,1563.31,HR
6,14,1679.43,1763.43,HR
6,14,1225.75,1378.93,HR
6,14,2018.0,2200.42,HR
6,14,1446.67,1606.21,HR
6,14,890.14,996.86,HR
6,14,1893.5,1984.37,HR
6,13,2592.0,2746.97,HR
6,13,2026.6,2576.87,HR
6,13,632.67,749.11,HR
6,13,2031.8,2584.68,HR
6,13,3070.6,3173.61,HR
6,13,2616.63,2618.66,HR
6,13,1760.83,2047.71,HR
6,13,2859.5,2796.06,HR
6,12,3575.0,3304.11,HR
6,12,1930.5,1780.77,HR
6,12,1277.0,1428.39,HR
6,12,2256.75,1811.85,HR
6,12,2590.33,2292.07,HR
6,12,1237.4,1353.56,HR
6,12,986.2,855.27,HR
6,12,1353.57,1300.32,HR
6,15,4556.0,14517.82,HR
6,15,2048.0,2041.0,HR
6,15,1252.7,1137.59,HR
6,15,28303.0,32780.28,HR
6,15,3945.5,3736.05,HR
6,15,2631.0,2849.15,HR
6,15,2656.0,2637.34,HR
6,15,3132.75,3347.05,HR
6,12,1200.86,1010.13,HR
6,12,717.6,701.19,HR
6,12,1252.0,1449.53,HR
6,12,1154.17,1040.22,HR
6,12,2476.33,2400.74,HR
6,12,937.57,817.18,HR
6,12,2133.25,2231.91,HR
6,12,2256.5,2122.05,HR
6,13,2308.2,2228.01,HR
6,13,390.0,413.07,HR
6,13,546.5,583.71,HR
6,13,2774.75,2667.49,HR
6,13,2486.0,2202.8,HR
6,13,2244.67,3267.68,HR
6,13,1858.0,1746.49,HR
6,13,1851.75,1799.22,HR
6,11,1636.25,1694.93,HR
6,11,920.6,980.85,HR
6,11,651.86,729.23,HR
6,11,2022.0,2077.0,HR
6,11,2704.25,2734.89,HR
6,11,3822.0,3985.29,HR
6,11,2151.44,1462.68,HR
6,11,2102.0,2018.6,HR
6,11,2018.67,2112.57,HR
6,11,1213.0,1313.27,HR
6,11,820.67,928.89,HR
6,11,1557.67,1705.72,HR
6,11,2928.0,2815.64,HR
6,11,2552.75,2596.83,HR
6,11,2933.5,2734.72,HR
6,11,1901.0,1108.23,HR
6,12,2026.17,2141.49,HR
6,12,2630.33,2646.95,HR
6,12,985.17,957.14,HR
6,12,2019.5,2111.73,HR
6,12,5339.17,3370.66,HR
6,12,1323.5,1378.71,HR
6,12,1942.25,1519.85,HR
6,12,3030.5,3012.45,HR
6,11,1897.88,2166.4,HR
6,11,2097.86,2336.67,HR
6,11,2931.0,3064.61,HR
6,11,1389.0,1507.36,HR
6,11,3947.75,4055.3,HR
6,11,2303.0,2355.05,HR
6,11,1061.25,1086.82,HR
6,11,2203.0,2242.32,HR
6,12,2698.17,3064.19,HR
6,12,1506.0,1594.32,HR
6,12,861.0,893.79,HR
6,12,1542.0,1711.5,HR
6,12,1656.57,1725.46,HR
6,12,2386.5,2631.02,HR
6,12,1658.71,1682.08,HR
6,12,1973.33,1914.43,HR
6,12,2042.89,1884.6,HR
6,12,1052.22,1077.59,HR
6,12,3777.75,3135.63,HR
6,12,1832.45,1852.73,HR
6,12,1553.71,1555.1,HR
6,12,1262.6,1239.83,HR
6,12,1707.6,1676.2,HR
6,12,1637.8,1803.8,HR
6,10,3444.8,5167.05,HR
6,10,634.36,764.66,HR
6,10,1560.1,1770.98,HR
6,10,2357.25,2319.92,HR
6,10,1508.86,1511.27,HR
6,10,1729.17,1991.87,HR
6,10,2151.0,2293.6,HR
6,10,2839.0,3743.89,HR
6,13,2386.2,2660.6,HR
6,13,2014.67,2276.07,HR
6,13,1019.33,1163.52,HR
6,13,1300.0,1550.7,HR
6,13,2137.86,2526.14,HR
6,13,1052.8,1260.9,HR
6,13,1488.0,1762.21,HR
6,13,2101.0,2405.62,HR
6,10,5868.5,5678.09,HR
6,10,1265.5,1083.17,HR
6,10,1513.0,1559.44,HR
6,10,1581.33,1636.26,HR
6,10,1852.88,1654.93,HR
6,10,1939.5,1565.63,HR
6,10,1338.8,1308.06,HR
6,10,2041.71,1925.23,HR
6,11,3562.75,3357.97,HR
6,11,2234.25,2109.7,HR
6,11,1871.5,1764.27,HR
6,11,2275.25,2060.15,HR
6,11,2008.57,1997.83,HR
6,11,1064.33,1177.67,HR
6,11,1429.75,1333.0,HR
6,11,3220.33,2961.84,HR
6,9,4685.5,5763.48,HR
6,9,965.63,1095.43,HR
6,9,1572.8,1818.66,HR
6,9,4043.25,4332.63,HR
6,9,3042.43,3807.58,HR
6,9,3077.33,3432.54,HR
6,9,1064.0,1292.08,HR
6,9,2921.0,3397.71,HR
6,9,4267.75,4733.3,HR
6,9,1700.25,1986.28,HR
6,9,1092.17,1480.44,HR
6,9,1174.5,1206.32,HR
6,9,2640.0,3104.19,HR
6,9,899.17,1007.83,HR
6,9,810.75,930.3,HR
6,9,2551.0,3086.1,HR
6,11,1942.6,2087.33,HR
6,11,1848.25,2196.16,HR
6,11,2009.67,1790.9,HR
6,11,1354.14,1470.39,HR
6,11,1554.71,1671.15,HR
6,11,1252.71,1286.41,HR
6,11,1678.67,1651.63,HR
6,11,1147.6,1207.42,HR
6,9,2063.86,2671.84,HR
6,9,1197.43,3575.71,HR
6,9,1249.5,1300.42,HR
6,9,1521.78,1716.31,HR
6,9,1388.77,1491.51,HR
6,9,1322.86,1430.45,HR
6,9,2244.4,2644.95,HR
6,9,1830.2,1936.45,HR
6,10,2631.4,2595.45,HR
6,10,1544.75,1643.0,HR
6,10,1101.75,1107.67,HR
6,10,1581.25,1571.73,HR
6,10,1969.0,2226.86,HR
6,10,1815.4,1974.93,HR
6,10,1469.75,1426.09,HR
6,10,2515.2,2429.2,HR
6,10,1535.64,1365.81,HR
6,10,1468.0,1525.88,HR
6,10,1717.5,1889.79,HR
6,10,2142.75,2077.82,HR
6,10,1702.4,1479.33,HR
6,10,1948.5,1750.38,HR
6,10,1227.0,1331.92,HR
6,10,1384.43,1175.76,HR
6,8,2225.57,2294.38,HR
6,8,1504.6,1863.04,HR
6,8,1417.25,1719.3,HR
6,8,2815.4,2794.03,HR
6,8,2364.43,3068.75,HR
6,8,1849.2,2233.6,HR
6,8,1668.25,2084.23,HR
6,8,1571.5,1865.75,HR
6,11,3142.17,3261.15,HR
6,11,1666.75,1634.27,HR
6,11,1643.14,1923.55,HR
6,11,863.33,899.98,HR
6,11,2510.75,2806.04,HR
6,11,1953.8,1968.51,HR
6,11,2872.75,2902.2,HR
6,11,1031.0,1094.94,HR
6,8,3891.6,2686.24,HR
6,8,5963.0,4439.03,HR
6,8,1559.43,1634.32,HR
6,8,2640.67,2718.32,HR
6,8,4339.25,3316.6,HR
6,8,2412.8,2084.44,HR
6,8,1727.33,1493.19,HR
6,8,1518.5,1640.04,HR
6,7,4734.86,4313.03,HR
6,7,1523.0,1266.84,HR
6,7,1233.25,2504.04,HR
6,7,7543.25,6212.72,HR
6,7,6401.0,4255.22,HR
6,7,830.6,886.6,HR
6,7,860.33,1095.63,HR
6,7,1740.57,1534.6,HR
6,5,1780.0,2047.99,HR
6,5,1135.75,1220.61,HR
6,5,1331.0,1462.78,HR
6,5,1059.11,1176.67,HR
6,5,1542.71,1689.54,HR
6,5,1277.0,1469.64,HR
6,5,1816.33,1987.7,HR
6,5,1792.5,1891.54,HR
6,6,2494.0,2920.61,HR
6,6,2105.75,2454.07,HR
6,6,2118.33,2588.04,HR
6,6,2586.25,2833.51,HR
6,6,1884.56,2088.45,HR
6,6,2106.33,2476.24,HR
6,6,1514.6,1874.04,HR
6,6,1131.29,1260.86,HR
6,7,8615.08,3868.26,HR
6,7,1457.0,1008.25,HR
6,7,1709.4,2924.44,HR
6,7,1130.0,1033.08,HR
6,7,5664.5,5258.4,HR
6,7,1302.67,1455.32,HR
6,7,3216.25,2482.91,HR
6,7,4586.0,4156.49,HR
6,5,1671.25,1886.11,HR
6,5,1651.26,1822.99,HR
6,5,1245.17,1406.96,HR
6,5,1326.25,1531.15,HR
6,5,1033.78,1196.35,HR
6,5,1341.8,1541.85,HR
6,5,1551.0,1719.04,HR
6,5,2055.0,1800.9,HR
6,6,2252.2,2484.47,HR
6,6,1479.4,1618.17,HR
6,6,637.71,718.75,HR
6,6,1481.0,1595.52,HR
6,6,3597.8,3441.28,HR
6,6,2622.25,2321.75,HR
6,6,2270.6,2286.93,HR
6,6,1852.25,2094.75,HR
6,6,1214.0,1471.95,HR
6,6,1490.33,1505.08,HR
6,6,1728.83,1619.29,HR
6,6,568.5,640.28,HR
6,6,4406.8,4455.13,HR
6,6,2356.0,2648.6,HR
6,6,973.4,1174.25,HR
6,6,650.33,702.28,HR
6,4,2074.78,2246.09,HR
6,4,3470.8,3011.8,HR
6,4,1202.25,1341.07,HR
6,4,1250.67,1392.58,HR
6,4,2701.8,3191.25,HR
6,4,1350.83,1533.93,HR
6,4,1134.83,1318.58,HR
6,4,1772.0,1835.84,HR
6,8,1861.9,2586.67,HR
6,8,1423.5,1983.91,HR
6,8,2633.25,2708.76,HR
6,8,2492.5,2845.92,HR
6,8,1851.0,2399.16,HR
6,8,2121.25,2576.03,HR
6,8,2118.5,2641.34,HR
6,8,1984.33,2461.68,HR
6,4,3350.75,3410.89,HR
6,4,3738.43,3486.11,HR
6,4,1038.5,1210.42,HR
6,4,1074.0,1204.55,HR
6,4,831.5,890.88,HR
6,4,1071.75,1135.69,HR
6,4,939.0,976.19,HR
6,4,1701.0,1583.0,HR
6,9,3317.56,2116.89,HR
6,9,879.6,992.67,HR
6,9,927.25,983.1,HR
6,9,1190.5,1315.59,HR
6,9,2498.33,2705.84,HR
6,9,2449.17,2651.82,HR
6,9,1127.5,1363.27,HR
6,9,3545.0,3862.29,HR
6,7,2965.33,2827.53,HR
6,7,1149.4,1147.81,HR
6,7,2073.75,2393.44,HR
6,7,790.33,854.17,HR
6,7,1267.0,1437.79,HR
6,7,1701.75,1230.48,HR
6,7,1685.67,1480.32,HR
6,7,585.2,572.06,HR
6,8,2013.6,2588.26,HR
6,8,1284.33,1481.59,HR
6,8,2107.2,2364.1,HR
6,8,825.11,985.8,HR
6,8,1507.43,2001.23,HR
6,8,1733.0,1885.05,HR
6,8,953.5,1096.03,HR
6,8,2161.75,2782.85,HR
6,9,3016.4,3463.63,HR
6,9,898.83,978.65,HR
6,9,1150.17,1221.78,HR
6,9,1322.0,1421.67,HR
6,9,2379.86,2444.19,HR
6,9,2391.0,2359.42,HR
6,9,1004.75,1149.53,HR
6,9,1117.5,1244.23,HR
6,7,2987.0,3162.15,HR
6,7,1981.2,2108.67,HR
6,7,1592.2,1656.91,HR
6,7,1974.6,1719.65,HR
6,7,1487.5,1601.91,HR
6,7,1248.75,1372.76,HR
6,7,3606.0,3992.3,HR
6,7,1981.4,1863.69,HR
6,8,1921.5,2235.63,HR
6,8,1490.57,1680.46,HR
6,8,1367.4,1635.95,HR
6,8,1177.83,1417.4,HR
6,8,2032.75,2917.61,HR
6,8,1666.25,1990.45,HR
6,8,1739.4,2214.91,HR
6,8,1796.29,2200.96,HR
6,8,1553.83,1890.56,HR
6,8,1529.33,1735.18,HR
6,8,1538.8,1951.68,HR
6,8,936.83,1079.87,HR
6,8,1605.63,1887.14,HR
6,8,1195.38,1506.16,HR
6,8,3066.75,3571.24,HR
6,8,1673.67,2140.86,HR
6,6,9784.0,2163.5,HR
6,6,915.0,927.33,HR
6,6,1565.6,1248.83,HR
6,6,637.0,698.04,HR
6,6,4179.0,4284.43,HR
6,6,760.25,839.39,HR
6,6,726.43,793.36,HR
6,6,885.8,824.7,HR
6,9,2018.63,2306.26,HR
6,9,2802.33,2976.81,HR
6,9,1173.09,1219.4,HR
6,9,1870.0,1940.53,HR
6,9,2392.67,2573.73,HR
6,9,628.43,718.71,HR
6,9,853.0,977.3,HR
6,9,2381.25,2516.06,HR
6,6,2764.5,2935.56,HR
6,6,1193.67,1058.87,HR
6,6,1190.8,1158.29,HR
6,6,2542.75,2399.19,HR
6,6,1749.0,1647.86,HR
6,6,2976.33,2301.17,HR
6,6,2756.5,2738.55,HR
6,6,1749.6,1660.38,HR
6,5,2283.5,2461.68,HR
6,5,1190.5,1128.26,HR
6,5,2532.0,2765.74,HR
6,5,1615.0,1691.58,HR
6,5,1852.33,1529.91,HR
6,5,2144.2,2232.06,HR
6,5,1298.33,1270.25,HR
6,5,1001.71,1101.48,HR
6,3,2214.8,1954.72,HR
6,3,1122.0,1401.74,HR
6,3,1960.25,2272.2,HR
6,3,867.0,980.17,HR
6,3,1179.56,1634.29,HR
6,3,858.0,945.51,HR
6,3,1204.5,1346.38,HR
6,3,1251.29,1744.98,HR
6,3,1314.22,1440.39,HR
6,3,1450.0,1613.56,HR
6,3,1422.6,1608.02,HR
6,3,1267.8,1415.62,HR
6,3,2924.0,2504.95,HR
6,3,1475.4,1537.48,HR
6,3,2465.0,2656.1,HR
6,3,1284.0,1452.6,HR
6,5,1705.44,1883.43,HR
6,5,1372.67,1567.69,HR
6,5,1026.42,1192.79,HR
6,5,1558.33,1812.51,HR
6,5,1394.86,1723.98,HR
6,5,1585.13,1938.22,HR
6,5,1620.0,1817.77,HR
6,5,1285.0,1458.6,HR
6,2,1345.8,1511.25,HR
6,2,867.0,1007.58,HR
6,2,1007.33,1096.92,HR
6,2,1394.0,1447.7,HR
6,2,2403.0,2518.48,HR
6,2,1485.8,2336.13,HR
6,2,4516.75,2120.45,HR
6,2,1414.8,1392.64,HR
6,4,3112.25,2628.38,HR
6,4,1758.4,1713.88,HR
6,4,1291.0,1381.36,HR
6,4,2000.0,2088.41,HR
6,4,3083.57,2086.51,HR
6,4,1095.38,1177.81,HR
6,4,2065.0,1627.9,HR
6,4,1705.83,1795.13,HR
6,4,4211.0,3043.26,HR
6,4,1500.33,1704.77,HR
6,4,1440.0,1611.88,HR
6,4,1303.0,1444.45,HR
6,4,1956.0,2148.57,HR
6,4,1272.0,1380.22,HR
6,4,1818.5,1991.06,HR
6,4,1852.5,2233.97,HR
6,2,1856.83,1968.13,HR
6,2,2135.43,1680.09,HR
6,2,2211.4,2564.82,HR
6,2,2010.0,1882.47,HR
6,2,2050.5,1442.95,HR
6,2,945.5,1355.48,HR
6,2,2303.75,2678.0,HR
6,2,1770.75,1795.89,HR
6,6,1476.8,1958.31,HR
6,6,1295.5,1552.86,HR
6,6,1403.6,1565.71,HR
6,6,2092.29,2816.69,HR
6,6,2217.33,2272.01,HR
6,6,2452.67,2675.32,HR
6,6,2691.25,3397.41,HR
6,6,1394.0,1553.21,HR
6,5,4125.89,2017.37,HR
6,5,1067.33,1244.46,HR
6,5,1186.0,1408.88,HR
6,5,2839.75,1741.05,HR
6,5,1278.2,1437.32,HR
6,5,2787.33,1680.82,HR
6,5,2998.71,2320.3,HR
6,5,1688.0,1944.61,HR
6,3,943.0,1016.66,HR
6,3,818.4,942.51,HR
6,3,898.0,984.99,HR
6,3,792.0,838.55,HR
6,3,1172.43,1250.63,HR
6,3,616.25,673.58,HR
6,3,1046.67,1118.17,HR
6,3,653.5,729.12,HR
6,3,2123.67,2622.8,HR
6,3,1128.4,1314.56,HR
6,3,3670.5,3900.36,HR
6,3,1706.0,1992.75,HR
6,3,1000.33,1156.63,HR
6,3,948.8,1655.46,HR
6,3,1049.5,1120.08,HR
6,3,1322.86,1444.68,HR
6,5,1507.67,1931.55,HR
6,5,1033.29,1137.79,HR
6,5,1455.4,1261.0,HR
6,5,1023.6,1121.97,HR
6,5,3752.17,4449.08,HR
6,5,1377.6,1250.93,HR
6,5,1365.6,1269.01,HR
6,5,1798.67,2127.43,HR
6,2,4680.27,3275.32,HR
6,2,1376.7,1403.36,HR
6,2,1612.2,1795.87,HR
6,2,2224.67,1934.95,HR
6,2,2063.75,1997.34,HR
6,2,1621.13,1357.04,HR
6,2,1327.5,1404.83,HR
6,2,2585.75,3753.01,HR
6,4,3020.25,2792.65,HR
6,4,2064.0,3036.29,HR
6,4,1217.83,1275.25,HR
6,4,2272.0,1816.86,HR
6,4,3705.75,3122.36,HR
6,4,1469.75,1717.87,HR
6,4,1951.0,2005.59,HR
6,4,1787.25,1804.03,HR
6,4,4664.78,3566.44,HR
6,4,4386.8,13265.43,HR
6,4,1224.67,1222.09,HR
6,4,1946.0,2269.66,HR
6,4,953.83,987.17,HR
6,4,1206.67,1298.92,HR
6,4,1549.0,3082.56,HR
6,4,5357.0,4389.77,HR
6,2,1759.75,2365.08,HR
6,2,939.83,1148.55,HR
6,2,1307.5,1880.29,HR
6,2,885.29,895.6,HR
6,2,673.56,783.27,HR
6,2,1115.83,1206.54,HR
6,2,823.8,900.46,HR
6,2,773.4,878.11,HR
6,6,2824.83,2753.74,HR
6,6,3255.83,2121.5,HR
6,6,2395.5,2480.02,HR
6,6,994.5,1115.94,HR
6,6,3778.75,3710.94,HR
6,6,2206.0,2429.8,HR
6,6,2309.0,3145.51,HR
6,6,1824.88,2087.53,HR
6,1,1381.5,1761.64,HR
6,1,2410.0,2493.29,HR
6,1,1917.75,2014.33,HR
6,1,3627.0,3705.08,HR
6,1,1915.33,1863.75,HR
6,1,1441.6,1536.94,HR
6,1,2180.25,2248.06,HR
6,1,2942.33,3086.17,HR
6,15,1552.0,1516.7,HR
6,15,5320.33,3696.04,HR
6,15,1921.25,2097.04,HR
6,15,1648.67,1403.03,HR
6,15,2245.86,1813.98,HR
6,15,1142.5,1227.42,HR
6,15,1748.5,1704.17,HR
6,15,1806.75,1735.76,HR
6,13,2035.2,3061.24,HR
6,13,1655.29,1799.02,HR
6,13,1606.67,1649.38,HR
6,13,1745.2,1829.54,HR
6,13,1686.4,1824.62,HR
6,13,1776.0,1455.83,HR
6,13,2322.86,2354.42,HR
6,13,1711.33,1999.21,HR
6,13,2761.17,2723.15,HR
6,13,1140.4,1063.0,HR
6,13,1658.33,1789.16,HR
6,13,2664.8,2552.47,HR
6,13,2798.1,2271.34,HR
6,13,1772.4,1897.88,HR
6,13,1001.0,1238.1,HR
6,13,1552.0,1629.34,HR
6,14,1950.0,2091.53,HR
6,14,775.0,783.6,HR
6,14,3864.8,2220.38,HR
6,14,1861.78,2563.86,HR
6,14,2606.75,2307.83,HR
6,14,1634.0,1399.34,HR
6,14,2105.0,1833.58,HR
6,14,2642.4,2538.68,HR
6,12,2293.0,2525.0,HR
6,12,850.8,1044.61,HR
6,12,1603.4,2249.59,HR
6,12,1221.86,1316.38,HR
6,12,2614.8,2231.64,HR
6,12,1044.67,1070.42,HR
6,12,2767.33,2875.23,HR
6,12,2738.8,2554.85,HR
6,14,3380.6,3173.76,HR
6,14,2406.25,1889.45,HR
6,14,609.6,811.46,HR
6,14,1960.5,1386.6,HR
6,14,3729.38,3096.83,HR
6,14,1698.17,1634.9,HR
6,14,2310.75,1776.64,HR
6,14,3853.8,3905.22,HR
6,13,3038.5,2946.79,HR
6,13,1388.8,1456.84,HR
6,13,2244.86,1757.67,HR
6,13,3692.4,2993.32,HR
6,13,2851.18,2458.04,HR
6,13,2179.5,2374.29,HR
6,13,1714.0,1792.94,HR
6,13,2323.4,2125.95,HR
6,12,1092.3,969.13,HR
6,12,862.82,985.39,HR
6,12,1484.67,1440.05,HR
6,12,1641.8,1388.59,HR
6,12,3210.5,3287.9,HR
6,12,2483.5,1757.54,HR
6,12,1494.0,1441.84,HR
6,12,1003.0,1074.37,HR
6,15,4220.25,2622.34,HR
6,15,3145.0,2965.58,HR
6,15,2447.0,2351.45,HR
6,15,2381.14,2164.82,HR
6,15,14091.0,19696.84,HR
6,15,2066.0,2188.15,HR
6,15,2150.75,1724.52,HR
6,15,2302.2,1934.65,HR
6,12,2307.75,2643.3,HR
6,12,1532.0,1576.38,HR
6,12,3033.5,3645.62,HR
6,12,1741.0,1852.37,HR
6,12,6820.4,3380.62,HR
6,12,1364.5,1425.12,HR
6,12,3504.4,2273.21,HR
6,12,1607.25,1546.75,HR
6,11,4214.8,8819.13,HR
6,11,758.92,824.5,HR
6,11,2457.0,2579.47,HR
6,11,1019.14,1073.64,HR
6,11,924.6,1125.18,HR
6,11,692.83,817.22,HR
6,11,1103.83,1180.36,HR
6,11,735.2,829.56,HR
6,9,1633.0,1484.32,HR
6,9,1003.4,1120.33,HR
6,9,1145.0,1162.6,HR
6,9,1036.8,1045.98,HR
6,9,2069.0,2235.99,HR
6,9,1342.17,1371.46,HR
6,9,2226.5,2452.39,HR
6,9,1822.75,2014.6,HR
6,9,5544.4,5486.36,HR
6,9,1319.75,1529.65,HR
6,9,3302.4,3307.73,HR
6,9,3643.5,4355.74,HR
6,9,1287.8,1499.79,HR
6,9,2385.2,2306.12,HR
6,9,1359.86,1493.4,HR
6,9,1689.67,2230.95,HR
6,11,919.0,927.65,HR
6,11,1451.5,1676.4,HR
6,11,912.0,1013.78,HR
6,11,1199.89,1275.2,HR
6,11,1773.5,1995.42,HR
6,11,1147.13,1188.22,HR
6,11,1665.25,1734.33,HR
6,11,986.67,1064.7,HR
6,9,1954.29,2156.82,HR
6,9,1053.67,1271.89,HR
6,9,1129.0,1324.8,HR
6,9,956.5,1032.81,HR
6,9,1387.75,1688.59,HR
6,9,1959.5,2493.47,HR
6,9,1186.71,1384.5,HR
6,9,3365.75,3346.09,HR
6,10,1220.2,1331.88,HR
6,10,805.4,884.4,HR
6,10,592.14,664.47,HR
6,10,865.67,829.27,HR
6,10,1541.33,1718.46,HR
6,10,1209.0,1345.99,HR
6,10,935.0,1084.14,HR
6,10,1094.25,1184.16,HR
6,10,2026.56,2340.04,HR
6,10,2076.67,1840.71,HR
6,10,1839.0,2091.81,HR
6,10,1098.83,1169.18,HR
6,10,1056.83,1074.64,HR
6,10,4415.0,5009.84,HR
6,10,631.25,722.28,HR
6,10,3243.6,3748.92,HR
6,8,2271.25,2549.09,HR
6,8,1138.83,1121.34,HR
6,8,1834.2,1911.95,HR
6,8,1497.0,1782.62,HR
6,8,2442.86,1969.18,HR
6,8,1348.0,1546.53,HR
6,8,1193.2,1523.2,HR
6,8,1593.5,1737.34,HR
6,11,1517.78,1504.11,HR
6,11,1123.0,1168.51,HR
6,11,1216.0,1306.41,HR
6,11,1407.33,1609.3,HR
6,11,1491.17,1539.2,HR
6,11,1178.75,1210.74,HR
6,11,1846.25,2342.86,HR
6,11,844.67,853.48,HR
6,8,1419.79,1404.23,HR
6,8,1566.0,1694.46,HR
6,8,1767.0,1860.84,HR
6,8,1361.0,1448.33,HR
6,8,1297.4,1525.07,HR
6,8,1411.0,1586.86,HR
6,8,1624.8,1527.43,HR
6,8,2513.0,2715.74,HR
6,7,2338.8,1565.05,HR
6,7,1305.6,1154.42,HR
6,7,1205.86,1015.09,HR
6,7,1489.17,873.37,HR
6,7,1791.25,1564.24,HR
6,7,2719.8,2406.7,HR
6,7,2392.5,2127.57,HR
6,7,2226.0,1600.35,HR
6,5,2400.2,2461.58,HR
6,5,1639.8,1821.58,HR
6,5,1319.83,1426.32,HR
6,5,2123.33,2132.9,HR
6,5,1505.14,1665.89,HR
6,5,1296.8,1437.5,HR
6,5,956.4,1175.94,HR
6,5,1783.67,1897.86,HR
6,6,5228.75,4681.56,HR
6,6,1458.6,1512.65,HR
6,6,741.78,796.8,HR
6,6,1061.43,983.11,HR
6,6,1945.29,2540.16,HR
6,6,1302.83,710.03,HR
6,6,1205.67,1240.0,HR
6,6,996.17,968.92,HR
6,7,1437.86,1500.36,HR
6,7,1225.0,1005.33,HR
6,7,2174.4,2340.4,HR
6,7,881.17,639.9,HR
6,7,1899.75,1513.11,HR
6,7,2725.0,2866.1,HR
6,7,1901.14,1399.75,HR
6,7,5587.0,5319.9,HR
6,5,1581.5,1753.59,HR
6,5,1285.75,1479.74,HR
6,5,988.11,1157.65,HR
6,5,1299.33,1489.12,HR
6,5,1601.75,1795.91,HR
6,5,940.5,1090.27,HR
6,5,1213.0,1395.34,HR
6,5,916.75,1070.35,HR
6,6,3078.8,3350.64,HR
6,6,1025.0,1257.6,HR
6,6,1802.5,2017.36,HR
6,6,2356.25,2648.96,HR
6,6,4766.0,5659.77,HR
6,6,2460.83,2913.57,HR
6,6,1147.25,1379.03,HR
6,6,2001.89,2550.23,HR
6,6,909.86,813.28,HR
6,6,2072.75,1643.78,HR
6,6,4609.25,3350.62,HR
6,6,1829.2,1519.2,HR
6,6,5332.83,3989.57,HR
6,6,1807.33,1860.53,HR
6,6,1470.6,1377.31,HR
6,6,1566.6,1277.48,HR
6,4,1190.0,1376.51,HR
6,4,2326.0,2626.0,HR
6,4,1084.75,1271.74,HR
6,4,1256.8,1522.85,HR
6,4,1197.73,1673.69,HR
6,4,982.0,1166.91,HR
6,4,1624.5,1930.66,HR
6,4,1495.5,1706.63,HR
6,8,1857.0,1737.81,HR
6,8,1379.0,1325.71,HR
6,8,1246.71,1327.44,HR
6,8,1243.6,865.02,HR
6,8,2862.4,2529.99,HR
6,8,2265.67,2359.05,HR
6,8,2231.25,2016.42,HR
6,8,1035.0,1115.48,HR
6,4,2420.75,3898.18,HR
6,4,1097.0,1187.21,HR
6,4,1535.25,1691.17,HR
6,4,4315.8,3360.05,HR
6,4,4564.0,4366.74,HR
6,4,1718.75,1660.53,HR
6,4,1872.33,2227.81,HR
6,4,1399.75,1570.85,HR
6,3,1757.67,1323.62,HR
6,3,1297.33,1483.98,HR
6,3,1704.0,1703.45,HR
6,3,851.5,916.77,HR
6,3,987.0,982.23,HR
6,3,1238.0,1212.43,HR
6,3,1237.5,1287.36,HR
6,3,1913.6,1843.46,HR
6,2,4429.5,4726.21,HR
6,2,3671.0,1376.42,HR
6,2,962.5,1064.55,HR
6,2,1074.6,1160.74,HR
6,2,1802.14,1933.46,HR
6,2,770.63,970.92,HR
6,2,1584.86,1657.54,HR
6,2,1229.33,1315.22,HR
6,2,1784.75,3611.12,HR
6,2,874.5,1110.12,HR
6,2,1164.43,1487.79,HR
6,2,599.4,776.93,HR
6,2,1131.5,1563.01,HR
6,2,966.86,1129.24,HR
6,2,980.57,1633.35,HR
6,2,1834.75,2422.28,HR
6,1,1254.0,1276.72,HR
6,1,1059.0,1128.11,HR
6,1,1843.5,1865.9,HR
6,1,1836.8,2061.21,HR
6,1,4208.14,1447.18,HR
6,1,1811.5,1605.51,HR
6,1,1826.13,1771.81,HR
6,1,2116.6,1742.97,HR
6,3,1503.17,1620.35,HR
6,3,717.33,790.8,HR
6,3,1240.67,1399.75,HR
6,3,1746.67,1828.4,HR
6,3,1621.25,1852.45,HR
6,3,1639.25,1891.16,HR
6,3,1352.4,1441.04,HR
6,3,904.6,906.19,HR
6,20,2057.25,2033.76,HR
6,20,1294.0,1261.05,HR
6,20,1466.0,1568.33,HR
6,20,1940.2,1862.58,HR
6,20,2069.75,2086.09,HR
6,20,1347.69,1348.79,HR
6,20,1160.27,1142.4,HR
6,20,1168.86,1143.03,HR
6,17,6495.0,6510.62,HR
6,17,1886.33,1595.1,HR
6,17,1627.6,1683.49,HR
6,17,1708.0,1647.32,HR
6,17,2875.33,2439.08,HR
6,17,2443.25,2459.89,HR
6,17,1592.0,1465.29,HR
6,17,1303.0,1267.35,HR
6,18,2114.83,1633.24,HR
6,18,1959.0,1513.38,HR
6,18,1548.67,2273.27,HR
6,18,2074.89,1792.94,HR
6,18,3806.0,3702.51,HR
6,18,2452.25,2010.39,HR
6,18,2126.17,2100.06,HR
6,18,3996.0,11984.49,HR
6,19,2327.22,2543.95,HR
6,19,2896.67,3104.29,HR
6,19,2378.4,2633.35,HR
6,19,3203.5,3590.59,HR
6,19,7189.2,11925.57,HR
6,19,894.2,968.75,HR
6,19,1269.33,1353.85,HR
6,19,1764.5,1888.61,HR
6,17,4314.75,11253.89,HR
6,17,2268.6,3108.44,HR
6,17,2773.5,2930.08,HR
6,17,6870.5,9986.49,HR
6,17,2398.0,2578.82,HR
6,17,2455.75,2573.9,HR
6,17,2008.0,2510.15,HR
6,17,1946.5,2213.86,HR
6,19,2600.13,2290.42,HR
6,19,2266.27,1991.94,HR
6,19,1788.2,1899.16,HR
6,19,2593.0,1984.23,HR
6,19,1692.0,1328.09,HR
6,19,2128.22,1816.97,HR
6,19,3175.25,2371.52,HR
6,19,1955.8,2109.44,HR
6,18,1429.0,1561.29,HR
6,18,1538.0,1265.23,HR
6,18,81842.8,8176.42,HR
6,18,1825.88,1398.14,HR
6,18,3406.0,3336.65,HR
6,18,2571.75,1908.91,HR
6,18,2282.0,2288.97,HR
6,18,1895.5,1484.86,HR
6,16,1662.8,1571.4,HR
6,16,3289.0,2922.77,HR
6,16,1148.8,1183.87,HR
6,16,586.2,586.64,HR
6,16,3244.6,3026.52,HR
6,16,2329.33,2545.82,HR
6,16,1739.0,2240.27,HR
6,16,861.29,814.03,HR
6,20,1610.8,1443.13,HR
6,20,1775.71,1604.37,HR
6,20,1482.56,1418.96,HR
6,20,2474.75,2245.94,HR
6,20,1977.33,1748.66,HR
6,20,1951.2,1712.44,HR
6,20,1792.57,1629.76,HR
6,20,2267.5,1968.75,HR
6,16,1606.5,1335.4,HR
6,16,2556.33,2155.01,HR
6,16,2246.67,1973.79,HR
6,16,1749.5,1660.23,HR
6,16,1641.67,1472.04,HR
6,16,1061.22,993.17,HR
6,16,1954.4,1640.13,HR
6,16,2163.6,1534.15,HR
